S|K1|n01|D	¬(A⋀B⋀C)	true	SATISFIABLE	[[¬A], [¬B], [¬C]]	DISJUNCTIVE  Normal Forms (DNFs) with 3 literals: | ( ¬A) ⋁ ( ¬B) ⋁ ( ¬C) |  | CONJUCTIVE Normal Forms (CNFs) with 3 literals: | ( ¬A⋁¬B⋁¬C) |  |  | MINIMAL NORMAL FORMS : |  | ( ¬A⋁¬B⋁¬C) | -------------------------------------------------------------------------------------- |
S|K1|n01|O	A⋀B⋀C	true	SATISFIABLE	[[A, B, C]]	DISJUNCTIVE  Normal Forms (DNFs) with 3 literals: | ( A⋀B⋀C) |  | CONJUCTIVE Normal Forms (CNFs) with 3 literals: | ( A) ⋀ ( B) ⋀ ( C) |  |  | MINIMAL NORMAL FORMS : |  | ( A⋀B⋀C) | -------------------------------------------------------------------------------------- |
S|K1|n22|D	¬(A⋁B⋁C)	true	SATISFIABLE	[[¬A, ¬B, ¬C]]	DISJUNCTIVE  Normal Forms (DNFs) with 3 literals: | ( ¬A⋀¬B⋀¬C) |  | CONJUCTIVE Normal Forms (CNFs) with 3 literals: | ( ¬A) ⋀ ( ¬B) ⋀ ( ¬C) |  |  | MINIMAL NORMAL FORMS : |  | ( ¬A⋀¬B⋀¬C) | -------------------------------------------------------------------------------------- |
S|K1|n22|O	A⋁B⋁C	true	SATISFIABLE	[[A], [B], [C]]	DISJUNCTIVE  Normal Forms (DNFs) with 3 literals: | ( A) ⋁ ( B) ⋁ ( C) |  | CONJUCTIVE Normal Forms (CNFs) with 3 literals: | ( A⋁B⋁C) |  |  | MINIMAL NORMAL FORMS : |  | ( A⋁B⋁C) | -------------------------------------------------------------------------------------- |
S|K1|n23|D	(A⋀B)⋀¬(A⋁B)	true	CONTRADICTION		
S|K1|n23|O	(A⋀B)⋀(A⋁B)	true	SATISFIABLE	[[A, B]]	DISJUNCTIVE  Normal Forms (DNFs) with 2 literals: | ( A⋀B) |  | CONJUCTIVE Normal Forms (CNFs) with 2 literals: | ( A) ⋀ ( B) |  |  | MINIMAL NORMAL FORMS : |  | ( A⋀B) | -------------------------------------------------------------------------------------- |
S|K1|n02|D	¬(A⋀B⋀C)	true	SATISFIABLE	[[¬A], [¬B], [¬C]]	DISJUNCTIVE  Normal Forms (DNFs) with 3 literals: | ( ¬A) ⋁ ( ¬B) ⋁ ( ¬C) |  | CONJUCTIVE Normal Forms (CNFs) with 3 literals: | ( ¬A⋁¬B⋁¬C) |  |  | MINIMAL NORMAL FORMS : |  | ( ¬A⋁¬B⋁¬C) | -------------------------------------------------------------------------------------- |
S|K1|n02|O	A⋀B⋀C	true	SATISFIABLE	[[A, B, C]]	DISJUNCTIVE  Normal Forms (DNFs) with 3 literals: | ( A⋀B⋀C) |  | CONJUCTIVE Normal Forms (CNFs) with 3 literals: | ( A) ⋀ ( B) ⋀ ( C) |  |  | MINIMAL NORMAL FORMS : |  | ( A⋀B⋀C) | -------------------------------------------------------------------------------------- |
S|K1|n12|D	¬(A⋀B⋀C⋀D)	true	SATISFIABLE	[[¬A], [¬B], [¬C], [¬D]]	DISJUNCTIVE  Normal Forms (DNFs) with 4 literals: | ( ¬A) ⋁ ( ¬B) ⋁ ( ¬C) ⋁ ( ¬D) |  | CONJUCTIVE Normal Forms (CNFs) with 4 literals: | ( ¬A⋁¬B⋁¬C⋁¬D) |  |  | MINIMAL NORMAL FORMS : |  | ( ¬A⋁¬B⋁¬C⋁¬D) | -------------------------------------------------------------------------------------- |
S|K1|n12|O	A⋀B⋀C⋀D	true	SATISFIABLE	[[A, B, C, D]]	DISJUNCTIVE  Normal Forms (DNFs) with 4 literals: | ( A⋀B⋀C⋀D) |  | CONJUCTIVE Normal Forms (CNFs) with 4 literals: | ( A) ⋀ ( B) ⋀ ( C) ⋀ ( D) |  |  | MINIMAL NORMAL FORMS : |  | ( A⋀B⋀C⋀D) | -------------------------------------------------------------------------------------- |
S|K1|n16|D	(B)⋀¬(A⋀B⋀C⋀D)	true	SATISFIABLE	[[B, ¬A], [B, ¬C], [B, ¬D]]	MINIMAL NORMAL FORMS : |  | ( B) ⋀ ( ¬A⋁¬C⋁¬D) | -------------------------------------------------------------------------------------- |
S|K1|n16|O	(B)⋀(A⋀B⋀C⋀D)	true	SATISFIABLE	[[B, A, C, D]]	DISJUNCTIVE  Normal Forms (DNFs) with 4 literals: | ( B⋀A⋀C⋀D) |  | CONJUCTIVE Normal Forms (CNFs) with 4 literals: | ( B) ⋀ ( A) ⋀ ( C) ⋀ ( D) |  |  | MINIMAL NORMAL FORMS : |  | ( B⋀A⋀C⋀D) | -------------------------------------------------------------------------------------- |
S|K1|n24|D	(D)⋀¬(A⋁B⋁C⋁D)	true	CONTRADICTION		
S|K1|n24|O	(D)⋀(A⋁B⋁C⋁D)	true	SATISFIABLE	[[D]]	DISJUNCTIVE  Normal Forms (DNFs) with 1 literals: | ( D) |  | CONJUCTIVE Normal Forms (CNFs) with 1 literals: | ( D) |  |  | MINIMAL NORMAL FORMS : |  | ( D) | -------------------------------------------------------------------------------------- |
S|K1|n25|D	(D)⋀¬(A⋁B⋁C⋁D)	true	CONTRADICTION		
S|K1|n25|O	(D)⋀(A⋁B⋁C⋁D)	true	SATISFIABLE	[[D]]	DISJUNCTIVE  Normal Forms (DNFs) with 1 literals: | ( D) |  | CONJUCTIVE Normal Forms (CNFs) with 1 literals: | ( D) |  |  | MINIMAL NORMAL FORMS : |  | ( D) | -------------------------------------------------------------------------------------- |
S|K1|n03|D	(A⋀B)⋀¬((A⋁B)⋀C)	true	SATISFIABLE	[[A, B, ¬C]]	DISJUNCTIVE  Normal Forms (DNFs) with 3 literals: | ( A⋀B⋀¬C) |  | CONJUCTIVE Normal Forms (CNFs) with 3 literals: | ( A) ⋀ ( B) ⋀ ( ¬C) |  |  | MINIMAL NORMAL FORMS : |  | ( A⋀B⋀¬C) | -------------------------------------------------------------------------------------- |
S|K1|n03|O	(A⋀B)⋀((A⋁B)⋀C)	true	SATISFIABLE	[[A, B, C]]	DISJUNCTIVE  Normal Forms (DNFs) with 3 literals: | ( A⋀B⋀C) |  | CONJUCTIVE Normal Forms (CNFs) with 3 literals: | ( A) ⋀ ( B) ⋀ ( C) |  |  | MINIMAL NORMAL FORMS : |  | ( A⋀B⋀C) | -------------------------------------------------------------------------------------- |
S|K1|n05|D	(D)⋀¬(A⋀B⋀C⋀D)	true	SATISFIABLE	[[D, ¬A], [D, ¬B], [D, ¬C]]	MINIMAL NORMAL FORMS : |  | ( D) ⋀ ( ¬A⋁¬B⋁¬C) | -------------------------------------------------------------------------------------- |
S|K1|n05|O	(D)⋀(A⋀B⋀C⋀D)	true	SATISFIABLE	[[D, A, B, C]]	DISJUNCTIVE  Normal Forms (DNFs) with 4 literals: | ( D⋀A⋀B⋀C) |  | CONJUCTIVE Normal Forms (CNFs) with 4 literals: | ( D) ⋀ ( A) ⋀ ( B) ⋀ ( C) |  |  | MINIMAL NORMAL FORMS : |  | ( D⋀A⋀B⋀C) | -------------------------------------------------------------------------------------- |
S|K1|n09|D	¬(A⋀B⋀C⋀D)	true	SATISFIABLE	[[¬A], [¬B], [¬C], [¬D]]	DISJUNCTIVE  Normal Forms (DNFs) with 4 literals: | ( ¬A) ⋁ ( ¬B) ⋁ ( ¬C) ⋁ ( ¬D) |  | CONJUCTIVE Normal Forms (CNFs) with 4 literals: | ( ¬A⋁¬B⋁¬C⋁¬D) |  |  | MINIMAL NORMAL FORMS : |  | ( ¬A⋁¬B⋁¬C⋁¬D) | -------------------------------------------------------------------------------------- |
S|K1|n09|O	A⋀B⋀C⋀D	true	SATISFIABLE	[[A, B, C, D]]	DISJUNCTIVE  Normal Forms (DNFs) with 4 literals: | ( A⋀B⋀C⋀D) |  | CONJUCTIVE Normal Forms (CNFs) with 4 literals: | ( A) ⋀ ( B) ⋀ ( C) ⋀ ( D) |  |  | MINIMAL NORMAL FORMS : |  | ( A⋀B⋀C⋀D) | -------------------------------------------------------------------------------------- |
S|K1|n13|D	¬(A⋀B⋀C⋀D)	true	SATISFIABLE	[[¬A], [¬B], [¬C], [¬D]]	DISJUNCTIVE  Normal Forms (DNFs) with 4 literals: | ( ¬A) ⋁ ( ¬B) ⋁ ( ¬C) ⋁ ( ¬D) |  | CONJUCTIVE Normal Forms (CNFs) with 4 literals: | ( ¬A⋁¬B⋁¬C⋁¬D) |  |  | MINIMAL NORMAL FORMS : |  | ( ¬A⋁¬B⋁¬C⋁¬D) | -------------------------------------------------------------------------------------- |
S|K1|n13|O	A⋀B⋀C⋀D	true	SATISFIABLE	[[A, B, C, D]]	DISJUNCTIVE  Normal Forms (DNFs) with 4 literals: | ( A⋀B⋀C⋀D) |  | CONJUCTIVE Normal Forms (CNFs) with 4 literals: | ( A) ⋀ ( B) ⋀ ( C) ⋀ ( D) |  |  | MINIMAL NORMAL FORMS : |  | ( A⋀B⋀C⋀D) | -------------------------------------------------------------------------------------- |
S|K1|n14|D	(A⋀B)⋀¬(A⋀B⋀C)	true	SATISFIABLE	[[A, B, ¬C]]	DISJUNCTIVE  Normal Forms (DNFs) with 3 literals: | ( A⋀B⋀¬C) |  | CONJUCTIVE Normal Forms (CNFs) with 3 literals: | ( A) ⋀ ( B) ⋀ ( ¬C) |  |  | MINIMAL NORMAL FORMS : |  | ( A⋀B⋀¬C) | -------------------------------------------------------------------------------------- |
S|K1|n14|O	(A⋀B)⋀(A⋀B⋀C)	true	SATISFIABLE	[[A, B, C]]	DISJUNCTIVE  Normal Forms (DNFs) with 3 literals: | ( A⋀B⋀C) |  | CONJUCTIVE Normal Forms (CNFs) with 3 literals: | ( A) ⋀ ( B) ⋀ ( C) |  |  | MINIMAL NORMAL FORMS : |  | ( A⋀B⋀C) | -------------------------------------------------------------------------------------- |
S|K1|n18|D	(C)⋀¬(A⋀B⋀C⋀D)	true	SATISFIABLE	[[C, ¬A], [C, ¬B], [C, ¬D]]	MINIMAL NORMAL FORMS : |  | ( C) ⋀ ( ¬A⋁¬B⋁¬D) | -------------------------------------------------------------------------------------- |
S|K1|n18|O	(C)⋀(A⋀B⋀C⋀D)	true	SATISFIABLE	[[C, A, B, D]]	DISJUNCTIVE  Normal Forms (DNFs) with 4 literals: | ( C⋀A⋀B⋀D) |  | CONJUCTIVE Normal Forms (CNFs) with 4 literals: | ( C) ⋀ ( A) ⋀ ( B) ⋀ ( D) |  |  | MINIMAL NORMAL FORMS : |  | ( C⋀A⋀B⋀D) | -------------------------------------------------------------------------------------- |
S|K1|n20|D	¬((A⋁B)⋀C)	true	SATISFIABLE	[[¬A, ¬B], [¬C]]	MINIMAL NORMAL FORMS : |  | ( ¬A⋀¬B) ⋁ ( ¬C) | -------------------------------------------------------------------------------------- |
S|K1|n20|O	(A⋁B)⋀C	true	SATISFIABLE	[[A, C], [B, C]]	MINIMAL NORMAL FORMS : |  | ( A⋁B) ⋀ ( C) | -------------------------------------------------------------------------------------- |
S|K1|n06|D	¬(A⋀B⋀C)	true	SATISFIABLE	[[¬A], [¬B], [¬C]]	DISJUNCTIVE  Normal Forms (DNFs) with 3 literals: | ( ¬A) ⋁ ( ¬B) ⋁ ( ¬C) |  | CONJUCTIVE Normal Forms (CNFs) with 3 literals: | ( ¬A⋁¬B⋁¬C) |  |  | MINIMAL NORMAL FORMS : |  | ( ¬A⋁¬B⋁¬C) | -------------------------------------------------------------------------------------- |
S|K1|n06|O	A⋀B⋀C	true	SATISFIABLE	[[A, B, C]]	DISJUNCTIVE  Normal Forms (DNFs) with 3 literals: | ( A⋀B⋀C) |  | CONJUCTIVE Normal Forms (CNFs) with 3 literals: | ( A) ⋀ ( B) ⋀ ( C) |  |  | MINIMAL NORMAL FORMS : |  | ( A⋀B⋀C) | -------------------------------------------------------------------------------------- |
S|K1|n10|D	¬(A⋀B⋀C⋀D)	true	SATISFIABLE	[[¬A], [¬B], [¬C], [¬D]]	DISJUNCTIVE  Normal Forms (DNFs) with 4 literals: | ( ¬A) ⋁ ( ¬B) ⋁ ( ¬C) ⋁ ( ¬D) |  | CONJUCTIVE Normal Forms (CNFs) with 4 literals: | ( ¬A⋁¬B⋁¬C⋁¬D) |  |  | MINIMAL NORMAL FORMS : |  | ( ¬A⋁¬B⋁¬C⋁¬D) | -------------------------------------------------------------------------------------- |
S|K1|n10|O	A⋀B⋀C⋀D	true	SATISFIABLE	[[A, B, C, D]]	DISJUNCTIVE  Normal Forms (DNFs) with 4 literals: | ( A⋀B⋀C⋀D) |  | CONJUCTIVE Normal Forms (CNFs) with 4 literals: | ( A) ⋀ ( B) ⋀ ( C) ⋀ ( D) |  |  | MINIMAL NORMAL FORMS : |  | ( A⋀B⋀C⋀D) | -------------------------------------------------------------------------------------- |
S|K1|n19|D	(A)⋀¬(A⋁B⋁C⋁D)	true	CONTRADICTION		
S|K1|n19|O	(A)⋀(A⋁B⋁C⋁D)	true	SATISFIABLE	[[A]]	DISJUNCTIVE  Normal Forms (DNFs) with 1 literals: | ( A) |  | CONJUCTIVE Normal Forms (CNFs) with 1 literals: | ( A) |  |  | MINIMAL NORMAL FORMS : |  | ( A) | -------------------------------------------------------------------------------------- |
S|K1|n07|D	¬(A⋀B⋀C)	true	SATISFIABLE	[[¬A], [¬B], [¬C]]	DISJUNCTIVE  Normal Forms (DNFs) with 3 literals: | ( ¬A) ⋁ ( ¬B) ⋁ ( ¬C) |  | CONJUCTIVE Normal Forms (CNFs) with 3 literals: | ( ¬A⋁¬B⋁¬C) |  |  | MINIMAL NORMAL FORMS : |  | ( ¬A⋁¬B⋁¬C) | -------------------------------------------------------------------------------------- |
S|K1|n07|O	A⋀B⋀C	true	SATISFIABLE	[[A, B, C]]	DISJUNCTIVE  Normal Forms (DNFs) with 3 literals: | ( A⋀B⋀C) |  | CONJUCTIVE Normal Forms (CNFs) with 3 literals: | ( A) ⋀ ( B) ⋀ ( C) |  |  | MINIMAL NORMAL FORMS : |  | ( A⋀B⋀C) | -------------------------------------------------------------------------------------- |
S|K2|n01|D	¬(A⋀B⋀C)	true	SATISFIABLE	[[¬A], [¬B], [¬C]]	DISJUNCTIVE  Normal Forms (DNFs) with 3 literals: | ( ¬A) ⋁ ( ¬B) ⋁ ( ¬C) |  | CONJUCTIVE Normal Forms (CNFs) with 3 literals: | ( ¬A⋁¬B⋁¬C) |  |  | MINIMAL NORMAL FORMS : |  | ( ¬A⋁¬B⋁¬C) | -------------------------------------------------------------------------------------- |
S|K2|n01|O	A⋀B⋀C	true	SATISFIABLE	[[A, B, C]]	DISJUNCTIVE  Normal Forms (DNFs) with 3 literals: | ( A⋀B⋀C) |  | CONJUCTIVE Normal Forms (CNFs) with 3 literals: | ( A) ⋀ ( B) ⋀ ( C) |  |  | MINIMAL NORMAL FORMS : |  | ( A⋀B⋀C) | -------------------------------------------------------------------------------------- |
S|K2|n22|D	¬(A⋁B⋁C)	true	SATISFIABLE	[[¬A, ¬B, ¬C]]	DISJUNCTIVE  Normal Forms (DNFs) with 3 literals: | ( ¬A⋀¬B⋀¬C) |  | CONJUCTIVE Normal Forms (CNFs) with 3 literals: | ( ¬A) ⋀ ( ¬B) ⋀ ( ¬C) |  |  | MINIMAL NORMAL FORMS : |  | ( ¬A⋀¬B⋀¬C) | -------------------------------------------------------------------------------------- |
S|K2|n22|O	A⋁B⋁C	true	SATISFIABLE	[[A], [B], [C]]	DISJUNCTIVE  Normal Forms (DNFs) with 3 literals: | ( A) ⋁ ( B) ⋁ ( C) |  | CONJUCTIVE Normal Forms (CNFs) with 3 literals: | ( A⋁B⋁C) |  |  | MINIMAL NORMAL FORMS : |  | ( A⋁B⋁C) | -------------------------------------------------------------------------------------- |
S|K2|n23|D	(B)⋀¬(A⋁B)	true	CONTRADICTION		
S|K2|n23|O	(B)⋀(A⋁B)	true	SATISFIABLE	[[B]]	DISJUNCTIVE  Normal Forms (DNFs) with 1 literals: | ( B) |  | CONJUCTIVE Normal Forms (CNFs) with 1 literals: | ( B) |  |  | MINIMAL NORMAL FORMS : |  | ( B) | -------------------------------------------------------------------------------------- |
S|K2|n02|D	¬(A⋀B⋀C)	true	SATISFIABLE	[[¬A], [¬B], [¬C]]	DISJUNCTIVE  Normal Forms (DNFs) with 3 literals: | ( ¬A) ⋁ ( ¬B) ⋁ ( ¬C) |  | CONJUCTIVE Normal Forms (CNFs) with 3 literals: | ( ¬A⋁¬B⋁¬C) |  |  | MINIMAL NORMAL FORMS : |  | ( ¬A⋁¬B⋁¬C) | -------------------------------------------------------------------------------------- |
S|K2|n02|O	A⋀B⋀C	true	SATISFIABLE	[[A, B, C]]	DISJUNCTIVE  Normal Forms (DNFs) with 3 literals: | ( A⋀B⋀C) |  | CONJUCTIVE Normal Forms (CNFs) with 3 literals: | ( A) ⋀ ( B) ⋀ ( C) |  |  | MINIMAL NORMAL FORMS : |  | ( A⋀B⋀C) | -------------------------------------------------------------------------------------- |
S|K2|n12|D	¬(A⋀B⋀C⋀D)	true	SATISFIABLE	[[¬A], [¬B], [¬C], [¬D]]	DISJUNCTIVE  Normal Forms (DNFs) with 4 literals: | ( ¬A) ⋁ ( ¬B) ⋁ ( ¬C) ⋁ ( ¬D) |  | CONJUCTIVE Normal Forms (CNFs) with 4 literals: | ( ¬A⋁¬B⋁¬C⋁¬D) |  |  | MINIMAL NORMAL FORMS : |  | ( ¬A⋁¬B⋁¬C⋁¬D) | -------------------------------------------------------------------------------------- |
S|K2|n12|O	A⋀B⋀C⋀D	true	SATISFIABLE	[[A, B, C, D]]	DISJUNCTIVE  Normal Forms (DNFs) with 4 literals: | ( A⋀B⋀C⋀D) |  | CONJUCTIVE Normal Forms (CNFs) with 4 literals: | ( A) ⋀ ( B) ⋀ ( C) ⋀ ( D) |  |  | MINIMAL NORMAL FORMS : |  | ( A⋀B⋀C⋀D) | -------------------------------------------------------------------------------------- |
S|K2|n16|D	¬(A⋀B⋀C⋀D)	true	SATISFIABLE	[[¬A], [¬B], [¬C], [¬D]]	DISJUNCTIVE  Normal Forms (DNFs) with 4 literals: | ( ¬A) ⋁ ( ¬B) ⋁ ( ¬C) ⋁ ( ¬D) |  | CONJUCTIVE Normal Forms (CNFs) with 4 literals: | ( ¬A⋁¬B⋁¬C⋁¬D) |  |  | MINIMAL NORMAL FORMS : |  | ( ¬A⋁¬B⋁¬C⋁¬D) | -------------------------------------------------------------------------------------- |
S|K2|n16|O	A⋀B⋀C⋀D	true	SATISFIABLE	[[A, B, C, D]]	DISJUNCTIVE  Normal Forms (DNFs) with 4 literals: | ( A⋀B⋀C⋀D) |  | CONJUCTIVE Normal Forms (CNFs) with 4 literals: | ( A) ⋀ ( B) ⋀ ( C) ⋀ ( D) |  |  | MINIMAL NORMAL FORMS : |  | ( A⋀B⋀C⋀D) | -------------------------------------------------------------------------------------- |
S|K2|n24|D	¬(A⋁B⋁C⋁D)	true	SATISFIABLE	[[¬A, ¬B, ¬C, ¬D]]	DISJUNCTIVE  Normal Forms (DNFs) with 4 literals: | ( ¬A⋀¬B⋀¬C⋀¬D) |  | CONJUCTIVE Normal Forms (CNFs) with 4 literals: | ( ¬A) ⋀ ( ¬B) ⋀ ( ¬C) ⋀ ( ¬D) |  |  | MINIMAL NORMAL FORMS : |  | ( ¬A⋀¬B⋀¬C⋀¬D) | -------------------------------------------------------------------------------------- |
S|K2|n24|O	A⋁B⋁C⋁D	true	SATISFIABLE	[[A], [B], [C], [D]]	DISJUNCTIVE  Normal Forms (DNFs) with 4 literals: | ( A) ⋁ ( B) ⋁ ( C) ⋁ ( D) |  | CONJUCTIVE Normal Forms (CNFs) with 4 literals: | ( A⋁B⋁C⋁D) |  |  | MINIMAL NORMAL FORMS : |  | ( A⋁B⋁C⋁D) | -------------------------------------------------------------------------------------- |
S|K2|n25|D	(A)⋀¬(A⋁B⋁C⋁D)	true	CONTRADICTION		
S|K2|n25|O	(A)⋀(A⋁B⋁C⋁D)	true	SATISFIABLE	[[A]]	DISJUNCTIVE  Normal Forms (DNFs) with 1 literals: | ( A) |  | CONJUCTIVE Normal Forms (CNFs) with 1 literals: | ( A) |  |  | MINIMAL NORMAL FORMS : |  | ( A) | -------------------------------------------------------------------------------------- |
S|K2|n03|D	¬((A⋁B)⋀C)	true	SATISFIABLE	[[¬A, ¬B], [¬C]]	MINIMAL NORMAL FORMS : |  | ( ¬A⋀¬B) ⋁ ( ¬C) | -------------------------------------------------------------------------------------- |
S|K2|n03|O	(A⋁B)⋀C	true	SATISFIABLE	[[A, C], [B, C]]	MINIMAL NORMAL FORMS : |  | ( A⋁B) ⋀ ( C) | -------------------------------------------------------------------------------------- |
S|K2|n05|D	(A)⋀¬(A⋀B⋀C⋀D)	true	SATISFIABLE	[[A, ¬B], [A, ¬C], [A, ¬D]]	MINIMAL NORMAL FORMS : |  | ( A) ⋀ ( ¬B⋁¬C⋁¬D) | -------------------------------------------------------------------------------------- |
S|K2|n05|O	(A)⋀(A⋀B⋀C⋀D)	true	SATISFIABLE	[[A, B, C, D]]	DISJUNCTIVE  Normal Forms (DNFs) with 4 literals: | ( A⋀B⋀C⋀D) |  | CONJUCTIVE Normal Forms (CNFs) with 4 literals: | ( A) ⋀ ( B) ⋀ ( C) ⋀ ( D) |  |  | MINIMAL NORMAL FORMS : |  | ( A⋀B⋀C⋀D) | -------------------------------------------------------------------------------------- |
S|K2|n09|D	¬(A⋀B⋀C⋀D)	true	SATISFIABLE	[[¬A], [¬B], [¬C], [¬D]]	DISJUNCTIVE  Normal Forms (DNFs) with 4 literals: | ( ¬A) ⋁ ( ¬B) ⋁ ( ¬C) ⋁ ( ¬D) |  | CONJUCTIVE Normal Forms (CNFs) with 4 literals: | ( ¬A⋁¬B⋁¬C⋁¬D) |  |  | MINIMAL NORMAL FORMS : |  | ( ¬A⋁¬B⋁¬C⋁¬D) | -------------------------------------------------------------------------------------- |
S|K2|n09|O	A⋀B⋀C⋀D	true	SATISFIABLE	[[A, B, C, D]]	DISJUNCTIVE  Normal Forms (DNFs) with 4 literals: | ( A⋀B⋀C⋀D) |  | CONJUCTIVE Normal Forms (CNFs) with 4 literals: | ( A) ⋀ ( B) ⋀ ( C) ⋀ ( D) |  |  | MINIMAL NORMAL FORMS : |  | ( A⋀B⋀C⋀D) | -------------------------------------------------------------------------------------- |
S|K2|n13|D	¬(A⋀B⋀C⋀D)	true	SATISFIABLE	[[¬A], [¬B], [¬C], [¬D]]	DISJUNCTIVE  Normal Forms (DNFs) with 4 literals: | ( ¬A) ⋁ ( ¬B) ⋁ ( ¬C) ⋁ ( ¬D) |  | CONJUCTIVE Normal Forms (CNFs) with 4 literals: | ( ¬A⋁¬B⋁¬C⋁¬D) |  |  | MINIMAL NORMAL FORMS : |  | ( ¬A⋁¬B⋁¬C⋁¬D) | -------------------------------------------------------------------------------------- |
S|K2|n13|O	A⋀B⋀C⋀D	true	SATISFIABLE	[[A, B, C, D]]	DISJUNCTIVE  Normal Forms (DNFs) with 4 literals: | ( A⋀B⋀C⋀D) |  | CONJUCTIVE Normal Forms (CNFs) with 4 literals: | ( A) ⋀ ( B) ⋀ ( C) ⋀ ( D) |  |  | MINIMAL NORMAL FORMS : |  | ( A⋀B⋀C⋀D) | -------------------------------------------------------------------------------------- |
S|K2|n14|D	(A⋀C)⋀¬(A⋀B⋀C)	true	SATISFIABLE	[[A, C, ¬B]]	DISJUNCTIVE  Normal Forms (DNFs) with 3 literals: | ( A⋀C⋀¬B) |  | CONJUCTIVE Normal Forms (CNFs) with 3 literals: | ( A) ⋀ ( C) ⋀ ( ¬B) |  |  | MINIMAL NORMAL FORMS : |  | ( A⋀C⋀¬B) | -------------------------------------------------------------------------------------- |
S|K2|n14|O	(A⋀C)⋀(A⋀B⋀C)	true	SATISFIABLE	[[A, C, B]]	DISJUNCTIVE  Normal Forms (DNFs) with 3 literals: | ( A⋀C⋀B) |  | CONJUCTIVE Normal Forms (CNFs) with 3 literals: | ( A) ⋀ ( C) ⋀ ( B) |  |  | MINIMAL NORMAL FORMS : |  | ( A⋀C⋀B) | -------------------------------------------------------------------------------------- |
S|K2|n18|D	(C)⋀¬(A⋀B⋀C⋀D)	true	SATISFIABLE	[[C, ¬A], [C, ¬B], [C, ¬D]]	MINIMAL NORMAL FORMS : |  | ( C) ⋀ ( ¬A⋁¬B⋁¬D) | -------------------------------------------------------------------------------------- |
S|K2|n18|O	(C)⋀(A⋀B⋀C⋀D)	true	SATISFIABLE	[[C, A, B, D]]	DISJUNCTIVE  Normal Forms (DNFs) with 4 literals: | ( C⋀A⋀B⋀D) |  | CONJUCTIVE Normal Forms (CNFs) with 4 literals: | ( C) ⋀ ( A) ⋀ ( B) ⋀ ( D) |  |  | MINIMAL NORMAL FORMS : |  | ( C⋀A⋀B⋀D) | -------------------------------------------------------------------------------------- |
S|K2|n20|D	¬((A⋁B)⋀C)	true	SATISFIABLE	[[¬A, ¬B], [¬C]]	MINIMAL NORMAL FORMS : |  | ( ¬A⋀¬B) ⋁ ( ¬C) | -------------------------------------------------------------------------------------- |
S|K2|n20|O	(A⋁B)⋀C	true	SATISFIABLE	[[A, C], [B, C]]	MINIMAL NORMAL FORMS : |  | ( A⋁B) ⋀ ( C) | -------------------------------------------------------------------------------------- |
S|K2|n06|D	¬(A⋀B⋀C)	true	SATISFIABLE	[[¬A], [¬B], [¬C]]	DISJUNCTIVE  Normal Forms (DNFs) with 3 literals: | ( ¬A) ⋁ ( ¬B) ⋁ ( ¬C) |  | CONJUCTIVE Normal Forms (CNFs) with 3 literals: | ( ¬A⋁¬B⋁¬C) |  |  | MINIMAL NORMAL FORMS : |  | ( ¬A⋁¬B⋁¬C) | -------------------------------------------------------------------------------------- |
S|K2|n06|O	A⋀B⋀C	true	SATISFIABLE	[[A, B, C]]	DISJUNCTIVE  Normal Forms (DNFs) with 3 literals: | ( A⋀B⋀C) |  | CONJUCTIVE Normal Forms (CNFs) with 3 literals: | ( A) ⋀ ( B) ⋀ ( C) |  |  | MINIMAL NORMAL FORMS : |  | ( A⋀B⋀C) | -------------------------------------------------------------------------------------- |
S|K2|n10|D	¬(A⋀B⋀C⋀D)	true	SATISFIABLE	[[¬A], [¬B], [¬C], [¬D]]	DISJUNCTIVE  Normal Forms (DNFs) with 4 literals: | ( ¬A) ⋁ ( ¬B) ⋁ ( ¬C) ⋁ ( ¬D) |  | CONJUCTIVE Normal Forms (CNFs) with 4 literals: | ( ¬A⋁¬B⋁¬C⋁¬D) |  |  | MINIMAL NORMAL FORMS : |  | ( ¬A⋁¬B⋁¬C⋁¬D) | -------------------------------------------------------------------------------------- |
S|K2|n10|O	A⋀B⋀C⋀D	true	SATISFIABLE	[[A, B, C, D]]	DISJUNCTIVE  Normal Forms (DNFs) with 4 literals: | ( A⋀B⋀C⋀D) |  | CONJUCTIVE Normal Forms (CNFs) with 4 literals: | ( A) ⋀ ( B) ⋀ ( C) ⋀ ( D) |  |  | MINIMAL NORMAL FORMS : |  | ( A⋀B⋀C⋀D) | -------------------------------------------------------------------------------------- |
S|K2|n19|D	(A)⋀¬(A⋁B⋁C⋁D)	true	CONTRADICTION		
S|K2|n19|O	(A)⋀(A⋁B⋁C⋁D)	true	SATISFIABLE	[[A]]	DISJUNCTIVE  Normal Forms (DNFs) with 1 literals: | ( A) |  | CONJUCTIVE Normal Forms (CNFs) with 1 literals: | ( A) |  |  | MINIMAL NORMAL FORMS : |  | ( A) | -------------------------------------------------------------------------------------- |
S|K2|n07|D	¬(A⋀B⋀C)	true	SATISFIABLE	[[¬A], [¬B], [¬C]]	DISJUNCTIVE  Normal Forms (DNFs) with 3 literals: | ( ¬A) ⋁ ( ¬B) ⋁ ( ¬C) |  | CONJUCTIVE Normal Forms (CNFs) with 3 literals: | ( ¬A⋁¬B⋁¬C) |  |  | MINIMAL NORMAL FORMS : |  | ( ¬A⋁¬B⋁¬C) | -------------------------------------------------------------------------------------- |
S|K2|n07|O	A⋀B⋀C	true	SATISFIABLE	[[A, B, C]]	DISJUNCTIVE  Normal Forms (DNFs) with 3 literals: | ( A⋀B⋀C) |  | CONJUCTIVE Normal Forms (CNFs) with 3 literals: | ( A) ⋀ ( B) ⋀ ( C) |  |  | MINIMAL NORMAL FORMS : |  | ( A⋀B⋀C) | -------------------------------------------------------------------------------------- |
S|K3|n01|D	¬(A⋀B⋀C)	true	SATISFIABLE	[[¬A], [¬B], [¬C]]	DISJUNCTIVE  Normal Forms (DNFs) with 3 literals: | ( ¬A) ⋁ ( ¬B) ⋁ ( ¬C) |  | CONJUCTIVE Normal Forms (CNFs) with 3 literals: | ( ¬A⋁¬B⋁¬C) |  |  | MINIMAL NORMAL FORMS : |  | ( ¬A⋁¬B⋁¬C) | -------------------------------------------------------------------------------------- |
S|K3|n01|O	A⋀B⋀C	true	SATISFIABLE	[[A, B, C]]	DISJUNCTIVE  Normal Forms (DNFs) with 3 literals: | ( A⋀B⋀C) |  | CONJUCTIVE Normal Forms (CNFs) with 3 literals: | ( A) ⋀ ( B) ⋀ ( C) |  |  | MINIMAL NORMAL FORMS : |  | ( A⋀B⋀C) | -------------------------------------------------------------------------------------- |
S|K3|n22|D	¬(A⋁B⋁C)	true	SATISFIABLE	[[¬A, ¬B, ¬C]]	DISJUNCTIVE  Normal Forms (DNFs) with 3 literals: | ( ¬A⋀¬B⋀¬C) |  | CONJUCTIVE Normal Forms (CNFs) with 3 literals: | ( ¬A) ⋀ ( ¬B) ⋀ ( ¬C) |  |  | MINIMAL NORMAL FORMS : |  | ( ¬A⋀¬B⋀¬C) | -------------------------------------------------------------------------------------- |
S|K3|n22|O	A⋁B⋁C	true	SATISFIABLE	[[A], [B], [C]]	DISJUNCTIVE  Normal Forms (DNFs) with 3 literals: | ( A) ⋁ ( B) ⋁ ( C) |  | CONJUCTIVE Normal Forms (CNFs) with 3 literals: | ( A⋁B⋁C) |  |  | MINIMAL NORMAL FORMS : |  | ( A⋁B⋁C) | -------------------------------------------------------------------------------------- |
S|K3|n23|D	(A)⋀¬(A⋁B)	true	CONTRADICTION		
S|K3|n23|O	(A)⋀(A⋁B)	true	SATISFIABLE	[[A]]	DISJUNCTIVE  Normal Forms (DNFs) with 1 literals: | ( A) |  | CONJUCTIVE Normal Forms (CNFs) with 1 literals: | ( A) |  |  | MINIMAL NORMAL FORMS : |  | ( A) | -------------------------------------------------------------------------------------- |
S|K3|n02|D	(A)⋀¬(A⋀B⋀C)	true	SATISFIABLE	[[A, ¬B], [A, ¬C]]	MINIMAL NORMAL FORMS : |  | ( A) ⋀ ( ¬B⋁¬C) | -------------------------------------------------------------------------------------- |
S|K3|n02|O	(A)⋀(A⋀B⋀C)	true	SATISFIABLE	[[A, B, C]]	DISJUNCTIVE  Normal Forms (DNFs) with 3 literals: | ( A⋀B⋀C) |  | CONJUCTIVE Normal Forms (CNFs) with 3 literals: | ( A) ⋀ ( B) ⋀ ( C) |  |  | MINIMAL NORMAL FORMS : |  | ( A⋀B⋀C) | -------------------------------------------------------------------------------------- |
S|K3|n12|D	¬(A⋀B⋀C⋀D)	true	SATISFIABLE	[[¬A], [¬B], [¬C], [¬D]]	DISJUNCTIVE  Normal Forms (DNFs) with 4 literals: | ( ¬A) ⋁ ( ¬B) ⋁ ( ¬C) ⋁ ( ¬D) |  | CONJUCTIVE Normal Forms (CNFs) with 4 literals: | ( ¬A⋁¬B⋁¬C⋁¬D) |  |  | MINIMAL NORMAL FORMS : |  | ( ¬A⋁¬B⋁¬C⋁¬D) | -------------------------------------------------------------------------------------- |
S|K3|n12|O	A⋀B⋀C⋀D	true	SATISFIABLE	[[A, B, C, D]]	DISJUNCTIVE  Normal Forms (DNFs) with 4 literals: | ( A⋀B⋀C⋀D) |  | CONJUCTIVE Normal Forms (CNFs) with 4 literals: | ( A) ⋀ ( B) ⋀ ( C) ⋀ ( D) |  |  | MINIMAL NORMAL FORMS : |  | ( A⋀B⋀C⋀D) | -------------------------------------------------------------------------------------- |
S|K3|n16|D	¬(A⋀B⋀C⋀D)	true	SATISFIABLE	[[¬A], [¬B], [¬C], [¬D]]	DISJUNCTIVE  Normal Forms (DNFs) with 4 literals: | ( ¬A) ⋁ ( ¬B) ⋁ ( ¬C) ⋁ ( ¬D) |  | CONJUCTIVE Normal Forms (CNFs) with 4 literals: | ( ¬A⋁¬B⋁¬C⋁¬D) |  |  | MINIMAL NORMAL FORMS : |  | ( ¬A⋁¬B⋁¬C⋁¬D) | -------------------------------------------------------------------------------------- |
S|K3|n16|O	A⋀B⋀C⋀D	true	SATISFIABLE	[[A, B, C, D]]	DISJUNCTIVE  Normal Forms (DNFs) with 4 literals: | ( A⋀B⋀C⋀D) |  | CONJUCTIVE Normal Forms (CNFs) with 4 literals: | ( A) ⋀ ( B) ⋀ ( C) ⋀ ( D) |  |  | MINIMAL NORMAL FORMS : |  | ( A⋀B⋀C⋀D) | -------------------------------------------------------------------------------------- |
S|K3|n24|D	(B⋀C⋀D)⋀¬(A⋁B⋁C⋁D)	true	CONTRADICTION		
S|K3|n24|O	(B⋀C⋀D)⋀(A⋁B⋁C⋁D)	true	SATISFIABLE	[[B, C, D]]	DISJUNCTIVE  Normal Forms (DNFs) with 3 literals: | ( B⋀C⋀D) |  | CONJUCTIVE Normal Forms (CNFs) with 3 literals: | ( B) ⋀ ( C) ⋀ ( D) |  |  | MINIMAL NORMAL FORMS : |  | ( B⋀C⋀D) | -------------------------------------------------------------------------------------- |
S|K3|n25|D	¬(A⋁B⋁C⋁D)	true	SATISFIABLE	[[¬A, ¬B, ¬C, ¬D]]	DISJUNCTIVE  Normal Forms (DNFs) with 4 literals: | ( ¬A⋀¬B⋀¬C⋀¬D) |  | CONJUCTIVE Normal Forms (CNFs) with 4 literals: | ( ¬A) ⋀ ( ¬B) ⋀ ( ¬C) ⋀ ( ¬D) |  |  | MINIMAL NORMAL FORMS : |  | ( ¬A⋀¬B⋀¬C⋀¬D) | -------------------------------------------------------------------------------------- |
S|K3|n25|O	A⋁B⋁C⋁D	true	SATISFIABLE	[[A], [B], [C], [D]]	DISJUNCTIVE  Normal Forms (DNFs) with 4 literals: | ( A) ⋁ ( B) ⋁ ( C) ⋁ ( D) |  | CONJUCTIVE Normal Forms (CNFs) with 4 literals: | ( A⋁B⋁C⋁D) |  |  | MINIMAL NORMAL FORMS : |  | ( A⋁B⋁C⋁D) | -------------------------------------------------------------------------------------- |
S|K3|n03|D	(A⋀C)⋀¬((A⋁B)⋀C)	true	CONTRADICTION		
S|K3|n03|O	(A⋀C)⋀((A⋁B)⋀C)	true	SATISFIABLE	[[A, C]]	DISJUNCTIVE  Normal Forms (DNFs) with 2 literals: | ( A⋀C) |  | CONJUCTIVE Normal Forms (CNFs) with 2 literals: | ( A) ⋀ ( C) |  |  | MINIMAL NORMAL FORMS : |  | ( A⋀C) | -------------------------------------------------------------------------------------- |
S|K3|n05|D	(D)⋀¬(A⋀B⋀C⋀D)	true	SATISFIABLE	[[D, ¬A], [D, ¬B], [D, ¬C]]	MINIMAL NORMAL FORMS : |  | ( D) ⋀ ( ¬A⋁¬B⋁¬C) | -------------------------------------------------------------------------------------- |
S|K3|n05|O	(D)⋀(A⋀B⋀C⋀D)	true	SATISFIABLE	[[D, A, B, C]]	DISJUNCTIVE  Normal Forms (DNFs) with 4 literals: | ( D⋀A⋀B⋀C) |  | CONJUCTIVE Normal Forms (CNFs) with 4 literals: | ( D) ⋀ ( A) ⋀ ( B) ⋀ ( C) |  |  | MINIMAL NORMAL FORMS : |  | ( D⋀A⋀B⋀C) | -------------------------------------------------------------------------------------- |
S|K3|n09|D	¬(A⋀B⋀C⋀D)	true	SATISFIABLE	[[¬A], [¬B], [¬C], [¬D]]	DISJUNCTIVE  Normal Forms (DNFs) with 4 literals: | ( ¬A) ⋁ ( ¬B) ⋁ ( ¬C) ⋁ ( ¬D) |  | CONJUCTIVE Normal Forms (CNFs) with 4 literals: | ( ¬A⋁¬B⋁¬C⋁¬D) |  |  | MINIMAL NORMAL FORMS : |  | ( ¬A⋁¬B⋁¬C⋁¬D) | -------------------------------------------------------------------------------------- |
S|K3|n09|O	A⋀B⋀C⋀D	true	SATISFIABLE	[[A, B, C, D]]	DISJUNCTIVE  Normal Forms (DNFs) with 4 literals: | ( A⋀B⋀C⋀D) |  | CONJUCTIVE Normal Forms (CNFs) with 4 literals: | ( A) ⋀ ( B) ⋀ ( C) ⋀ ( D) |  |  | MINIMAL NORMAL FORMS : |  | ( A⋀B⋀C⋀D) | -------------------------------------------------------------------------------------- |
S|K3|n13|D	¬(A⋀B⋀C⋀D)	true	SATISFIABLE	[[¬A], [¬B], [¬C], [¬D]]	DISJUNCTIVE  Normal Forms (DNFs) with 4 literals: | ( ¬A) ⋁ ( ¬B) ⋁ ( ¬C) ⋁ ( ¬D) |  | CONJUCTIVE Normal Forms (CNFs) with 4 literals: | ( ¬A⋁¬B⋁¬C⋁¬D) |  |  | MINIMAL NORMAL FORMS : |  | ( ¬A⋁¬B⋁¬C⋁¬D) | -------------------------------------------------------------------------------------- |
S|K3|n13|O	A⋀B⋀C⋀D	true	SATISFIABLE	[[A, B, C, D]]	DISJUNCTIVE  Normal Forms (DNFs) with 4 literals: | ( A⋀B⋀C⋀D) |  | CONJUCTIVE Normal Forms (CNFs) with 4 literals: | ( A) ⋀ ( B) ⋀ ( C) ⋀ ( D) |  |  | MINIMAL NORMAL FORMS : |  | ( A⋀B⋀C⋀D) | -------------------------------------------------------------------------------------- |
S|K3|n14|D	(A⋀B)⋀¬(A⋀B⋀C)	true	SATISFIABLE	[[A, B, ¬C]]	DISJUNCTIVE  Normal Forms (DNFs) with 3 literals: | ( A⋀B⋀¬C) |  | CONJUCTIVE Normal Forms (CNFs) with 3 literals: | ( A) ⋀ ( B) ⋀ ( ¬C) |  |  | MINIMAL NORMAL FORMS : |  | ( A⋀B⋀¬C) | -------------------------------------------------------------------------------------- |
S|K3|n14|O	(A⋀B)⋀(A⋀B⋀C)	true	SATISFIABLE	[[A, B, C]]	DISJUNCTIVE  Normal Forms (DNFs) with 3 literals: | ( A⋀B⋀C) |  | CONJUCTIVE Normal Forms (CNFs) with 3 literals: | ( A) ⋀ ( B) ⋀ ( C) |  |  | MINIMAL NORMAL FORMS : |  | ( A⋀B⋀C) | -------------------------------------------------------------------------------------- |
S|K3|n18|D	(A⋀C)⋀¬(A⋀B⋀C⋀D)	true	SATISFIABLE	[[A, C, ¬B], [A, C, ¬D]]	MINIMAL NORMAL FORMS : |  | ( A) ⋀ ( C) ⋀ ( ¬B⋁¬D) | -------------------------------------------------------------------------------------- |
S|K3|n18|O	(A⋀C)⋀(A⋀B⋀C⋀D)	true	SATISFIABLE	[[A, C, B, D]]	DISJUNCTIVE  Normal Forms (DNFs) with 4 literals: | ( A⋀C⋀B⋀D) |  | CONJUCTIVE Normal Forms (CNFs) with 4 literals: | ( A) ⋀ ( C) ⋀ ( B) ⋀ ( D) |  |  | MINIMAL NORMAL FORMS : |  | ( A⋀C⋀B⋀D) | -------------------------------------------------------------------------------------- |
S|K3|n20|D	¬((A⋁B)⋀C)	true	SATISFIABLE	[[¬A, ¬B], [¬C]]	MINIMAL NORMAL FORMS : |  | ( ¬A⋀¬B) ⋁ ( ¬C) | -------------------------------------------------------------------------------------- |
S|K3|n20|O	(A⋁B)⋀C	true	SATISFIABLE	[[A, C], [B, C]]	MINIMAL NORMAL FORMS : |  | ( A⋁B) ⋀ ( C) | -------------------------------------------------------------------------------------- |
S|K3|n06|D	(C)⋀¬(A⋀B⋀C)	true	SATISFIABLE	[[C, ¬A], [C, ¬B]]	MINIMAL NORMAL FORMS : |  | ( C) ⋀ ( ¬A⋁¬B) | -------------------------------------------------------------------------------------- |
S|K3|n06|O	(C)⋀(A⋀B⋀C)	true	SATISFIABLE	[[C, A, B]]	DISJUNCTIVE  Normal Forms (DNFs) with 3 literals: | ( C⋀A⋀B) |  | CONJUCTIVE Normal Forms (CNFs) with 3 literals: | ( C) ⋀ ( A) ⋀ ( B) |  |  | MINIMAL NORMAL FORMS : |  | ( C⋀A⋀B) | -------------------------------------------------------------------------------------- |
S|K3|n10|D	¬(A⋀B⋀C⋀D)	true	SATISFIABLE	[[¬A], [¬B], [¬C], [¬D]]	DISJUNCTIVE  Normal Forms (DNFs) with 4 literals: | ( ¬A) ⋁ ( ¬B) ⋁ ( ¬C) ⋁ ( ¬D) |  | CONJUCTIVE Normal Forms (CNFs) with 4 literals: | ( ¬A⋁¬B⋁¬C⋁¬D) |  |  | MINIMAL NORMAL FORMS : |  | ( ¬A⋁¬B⋁¬C⋁¬D) | -------------------------------------------------------------------------------------- |
S|K3|n10|O	A⋀B⋀C⋀D	true	SATISFIABLE	[[A, B, C, D]]	DISJUNCTIVE  Normal Forms (DNFs) with 4 literals: | ( A⋀B⋀C⋀D) |  | CONJUCTIVE Normal Forms (CNFs) with 4 literals: | ( A) ⋀ ( B) ⋀ ( C) ⋀ ( D) |  |  | MINIMAL NORMAL FORMS : |  | ( A⋀B⋀C⋀D) | -------------------------------------------------------------------------------------- |
S|K3|n19|D	(C)⋀¬(A⋁B⋁C⋁D)	true	CONTRADICTION		
S|K3|n19|O	(C)⋀(A⋁B⋁C⋁D)	true	SATISFIABLE	[[C]]	DISJUNCTIVE  Normal Forms (DNFs) with 1 literals: | ( C) |  | CONJUCTIVE Normal Forms (CNFs) with 1 literals: | ( C) |  |  | MINIMAL NORMAL FORMS : |  | ( C) | -------------------------------------------------------------------------------------- |
S|K3|n07|D	(C)⋀¬(A⋀B⋀C)	true	SATISFIABLE	[[C, ¬A], [C, ¬B]]	MINIMAL NORMAL FORMS : |  | ( C) ⋀ ( ¬A⋁¬B) | -------------------------------------------------------------------------------------- |
S|K3|n07|O	(C)⋀(A⋀B⋀C)	true	SATISFIABLE	[[C, A, B]]	DISJUNCTIVE  Normal Forms (DNFs) with 3 literals: | ( C⋀A⋀B) |  | CONJUCTIVE Normal Forms (CNFs) with 3 literals: | ( C) ⋀ ( A) ⋀ ( B) |  |  | MINIMAL NORMAL FORMS : |  | ( C⋀A⋀B) | -------------------------------------------------------------------------------------- |
S|K4|n01|D	¬(A⋀B⋀C)	true	SATISFIABLE	[[¬A], [¬B], [¬C]]	DISJUNCTIVE  Normal Forms (DNFs) with 3 literals: | ( ¬A) ⋁ ( ¬B) ⋁ ( ¬C) |  | CONJUCTIVE Normal Forms (CNFs) with 3 literals: | ( ¬A⋁¬B⋁¬C) |  |  | MINIMAL NORMAL FORMS : |  | ( ¬A⋁¬B⋁¬C) | -------------------------------------------------------------------------------------- |
S|K4|n01|O	A⋀B⋀C	true	SATISFIABLE	[[A, B, C]]	DISJUNCTIVE  Normal Forms (DNFs) with 3 literals: | ( A⋀B⋀C) |  | CONJUCTIVE Normal Forms (CNFs) with 3 literals: | ( A) ⋀ ( B) ⋀ ( C) |  |  | MINIMAL NORMAL FORMS : |  | ( A⋀B⋀C) | -------------------------------------------------------------------------------------- |
S|K4|n22|D	¬(A⋁B⋁C)	true	SATISFIABLE	[[¬A, ¬B, ¬C]]	DISJUNCTIVE  Normal Forms (DNFs) with 3 literals: | ( ¬A⋀¬B⋀¬C) |  | CONJUCTIVE Normal Forms (CNFs) with 3 literals: | ( ¬A) ⋀ ( ¬B) ⋀ ( ¬C) |  |  | MINIMAL NORMAL FORMS : |  | ( ¬A⋀¬B⋀¬C) | -------------------------------------------------------------------------------------- |
S|K4|n22|O	A⋁B⋁C	true	SATISFIABLE	[[A], [B], [C]]	DISJUNCTIVE  Normal Forms (DNFs) with 3 literals: | ( A) ⋁ ( B) ⋁ ( C) |  | CONJUCTIVE Normal Forms (CNFs) with 3 literals: | ( A⋁B⋁C) |  |  | MINIMAL NORMAL FORMS : |  | ( A⋁B⋁C) | -------------------------------------------------------------------------------------- |
S|K4|n23|D	(A)⋀¬(A⋁B)	true	CONTRADICTION		
S|K4|n23|O	(A)⋀(A⋁B)	true	SATISFIABLE	[[A]]	DISJUNCTIVE  Normal Forms (DNFs) with 1 literals: | ( A) |  | CONJUCTIVE Normal Forms (CNFs) with 1 literals: | ( A) |  |  | MINIMAL NORMAL FORMS : |  | ( A) | -------------------------------------------------------------------------------------- |
S|K4|n02|D	¬(A⋀B⋀C)	true	SATISFIABLE	[[¬A], [¬B], [¬C]]	DISJUNCTIVE  Normal Forms (DNFs) with 3 literals: | ( ¬A) ⋁ ( ¬B) ⋁ ( ¬C) |  | CONJUCTIVE Normal Forms (CNFs) with 3 literals: | ( ¬A⋁¬B⋁¬C) |  |  | MINIMAL NORMAL FORMS : |  | ( ¬A⋁¬B⋁¬C) | -------------------------------------------------------------------------------------- |
S|K4|n02|O	A⋀B⋀C	true	SATISFIABLE	[[A, B, C]]	DISJUNCTIVE  Normal Forms (DNFs) with 3 literals: | ( A⋀B⋀C) |  | CONJUCTIVE Normal Forms (CNFs) with 3 literals: | ( A) ⋀ ( B) ⋀ ( C) |  |  | MINIMAL NORMAL FORMS : |  | ( A⋀B⋀C) | -------------------------------------------------------------------------------------- |
S|K4|n12|D	¬(A⋀B⋀C⋀D)	true	SATISFIABLE	[[¬A], [¬B], [¬C], [¬D]]	DISJUNCTIVE  Normal Forms (DNFs) with 4 literals: | ( ¬A) ⋁ ( ¬B) ⋁ ( ¬C) ⋁ ( ¬D) |  | CONJUCTIVE Normal Forms (CNFs) with 4 literals: | ( ¬A⋁¬B⋁¬C⋁¬D) |  |  | MINIMAL NORMAL FORMS : |  | ( ¬A⋁¬B⋁¬C⋁¬D) | -------------------------------------------------------------------------------------- |
S|K4|n12|O	A⋀B⋀C⋀D	true	SATISFIABLE	[[A, B, C, D]]	DISJUNCTIVE  Normal Forms (DNFs) with 4 literals: | ( A⋀B⋀C⋀D) |  | CONJUCTIVE Normal Forms (CNFs) with 4 literals: | ( A) ⋀ ( B) ⋀ ( C) ⋀ ( D) |  |  | MINIMAL NORMAL FORMS : |  | ( A⋀B⋀C⋀D) | -------------------------------------------------------------------------------------- |
S|K4|n16|D	(B)⋀¬(A⋀B⋀C⋀D)	true	SATISFIABLE	[[B, ¬A], [B, ¬C], [B, ¬D]]	MINIMAL NORMAL FORMS : |  | ( B) ⋀ ( ¬A⋁¬C⋁¬D) | -------------------------------------------------------------------------------------- |
S|K4|n16|O	(B)⋀(A⋀B⋀C⋀D)	true	SATISFIABLE	[[B, A, C, D]]	DISJUNCTIVE  Normal Forms (DNFs) with 4 literals: | ( B⋀A⋀C⋀D) |  | CONJUCTIVE Normal Forms (CNFs) with 4 literals: | ( B) ⋀ ( A) ⋀ ( C) ⋀ ( D) |  |  | MINIMAL NORMAL FORMS : |  | ( B⋀A⋀C⋀D) | -------------------------------------------------------------------------------------- |
S|K4|n24|D	(A)⋀¬(A⋁B⋁C⋁D)	true	CONTRADICTION		
S|K4|n24|O	(A)⋀(A⋁B⋁C⋁D)	true	SATISFIABLE	[[A]]	DISJUNCTIVE  Normal Forms (DNFs) with 1 literals: | ( A) |  | CONJUCTIVE Normal Forms (CNFs) with 1 literals: | ( A) |  |  | MINIMAL NORMAL FORMS : |  | ( A) | -------------------------------------------------------------------------------------- |
S|K4|n25|D	¬(A⋁B⋁C⋁D)	true	SATISFIABLE	[[¬A, ¬B, ¬C, ¬D]]	DISJUNCTIVE  Normal Forms (DNFs) with 4 literals: | ( ¬A⋀¬B⋀¬C⋀¬D) |  | CONJUCTIVE Normal Forms (CNFs) with 4 literals: | ( ¬A) ⋀ ( ¬B) ⋀ ( ¬C) ⋀ ( ¬D) |  |  | MINIMAL NORMAL FORMS : |  | ( ¬A⋀¬B⋀¬C⋀¬D) | -------------------------------------------------------------------------------------- |
S|K4|n25|O	A⋁B⋁C⋁D	true	SATISFIABLE	[[A], [B], [C], [D]]	DISJUNCTIVE  Normal Forms (DNFs) with 4 literals: | ( A) ⋁ ( B) ⋁ ( C) ⋁ ( D) |  | CONJUCTIVE Normal Forms (CNFs) with 4 literals: | ( A⋁B⋁C⋁D) |  |  | MINIMAL NORMAL FORMS : |  | ( A⋁B⋁C⋁D) | -------------------------------------------------------------------------------------- |
S|K4|n03|D	¬((A⋁B)⋀C)	true	SATISFIABLE	[[¬A, ¬B], [¬C]]	MINIMAL NORMAL FORMS : |  | ( ¬A⋀¬B) ⋁ ( ¬C) | -------------------------------------------------------------------------------------- |
S|K4|n03|O	(A⋁B)⋀C	true	SATISFIABLE	[[A, C], [B, C]]	MINIMAL NORMAL FORMS : |  | ( A⋁B) ⋀ ( C) | -------------------------------------------------------------------------------------- |
S|K4|n05|D	¬(A⋀B⋀C⋀D)	true	SATISFIABLE	[[¬A], [¬B], [¬C], [¬D]]	DISJUNCTIVE  Normal Forms (DNFs) with 4 literals: | ( ¬A) ⋁ ( ¬B) ⋁ ( ¬C) ⋁ ( ¬D) |  | CONJUCTIVE Normal Forms (CNFs) with 4 literals: | ( ¬A⋁¬B⋁¬C⋁¬D) |  |  | MINIMAL NORMAL FORMS : |  | ( ¬A⋁¬B⋁¬C⋁¬D) | -------------------------------------------------------------------------------------- |
S|K4|n05|O	A⋀B⋀C⋀D	true	SATISFIABLE	[[A, B, C, D]]	DISJUNCTIVE  Normal Forms (DNFs) with 4 literals: | ( A⋀B⋀C⋀D) |  | CONJUCTIVE Normal Forms (CNFs) with 4 literals: | ( A) ⋀ ( B) ⋀ ( C) ⋀ ( D) |  |  | MINIMAL NORMAL FORMS : |  | ( A⋀B⋀C⋀D) | -------------------------------------------------------------------------------------- |
S|K4|n09|D	¬(A⋀B⋀C⋀D)	true	SATISFIABLE	[[¬A], [¬B], [¬C], [¬D]]	DISJUNCTIVE  Normal Forms (DNFs) with 4 literals: | ( ¬A) ⋁ ( ¬B) ⋁ ( ¬C) ⋁ ( ¬D) |  | CONJUCTIVE Normal Forms (CNFs) with 4 literals: | ( ¬A⋁¬B⋁¬C⋁¬D) |  |  | MINIMAL NORMAL FORMS : |  | ( ¬A⋁¬B⋁¬C⋁¬D) | -------------------------------------------------------------------------------------- |
S|K4|n09|O	A⋀B⋀C⋀D	true	SATISFIABLE	[[A, B, C, D]]	DISJUNCTIVE  Normal Forms (DNFs) with 4 literals: | ( A⋀B⋀C⋀D) |  | CONJUCTIVE Normal Forms (CNFs) with 4 literals: | ( A) ⋀ ( B) ⋀ ( C) ⋀ ( D) |  |  | MINIMAL NORMAL FORMS : |  | ( A⋀B⋀C⋀D) | -------------------------------------------------------------------------------------- |
S|K4|n13|D	(A⋀C)⋀¬(A⋀B⋀C⋀D)	true	SATISFIABLE	[[A, C, ¬B], [A, C, ¬D]]	MINIMAL NORMAL FORMS : |  | ( A) ⋀ ( C) ⋀ ( ¬B⋁¬D) | -------------------------------------------------------------------------------------- |
S|K4|n13|O	(A⋀C)⋀(A⋀B⋀C⋀D)	true	SATISFIABLE	[[A, C, B, D]]	DISJUNCTIVE  Normal Forms (DNFs) with 4 literals: | ( A⋀C⋀B⋀D) |  | CONJUCTIVE Normal Forms (CNFs) with 4 literals: | ( A) ⋀ ( C) ⋀ ( B) ⋀ ( D) |  |  | MINIMAL NORMAL FORMS : |  | ( A⋀C⋀B⋀D) | -------------------------------------------------------------------------------------- |
S|K4|n14|D	(A⋀B)⋀¬(A⋀B⋀C)	true	SATISFIABLE	[[A, B, ¬C]]	DISJUNCTIVE  Normal Forms (DNFs) with 3 literals: | ( A⋀B⋀¬C) |  | CONJUCTIVE Normal Forms (CNFs) with 3 literals: | ( A) ⋀ ( B) ⋀ ( ¬C) |  |  | MINIMAL NORMAL FORMS : |  | ( A⋀B⋀¬C) | -------------------------------------------------------------------------------------- |
S|K4|n14|O	(A⋀B)⋀(A⋀B⋀C)	true	SATISFIABLE	[[A, B, C]]	DISJUNCTIVE  Normal Forms (DNFs) with 3 literals: | ( A⋀B⋀C) |  | CONJUCTIVE Normal Forms (CNFs) with 3 literals: | ( A) ⋀ ( B) ⋀ ( C) |  |  | MINIMAL NORMAL FORMS : |  | ( A⋀B⋀C) | -------------------------------------------------------------------------------------- |
S|K4|n18|D	(A)⋀¬(A⋀B⋀C⋀D)	true	SATISFIABLE	[[A, ¬B], [A, ¬C], [A, ¬D]]	MINIMAL NORMAL FORMS : |  | ( A) ⋀ ( ¬B⋁¬C⋁¬D) | -------------------------------------------------------------------------------------- |
S|K4|n18|O	(A)⋀(A⋀B⋀C⋀D)	true	SATISFIABLE	[[A, B, C, D]]	DISJUNCTIVE  Normal Forms (DNFs) with 4 literals: | ( A⋀B⋀C⋀D) |  | CONJUCTIVE Normal Forms (CNFs) with 4 literals: | ( A) ⋀ ( B) ⋀ ( C) ⋀ ( D) |  |  | MINIMAL NORMAL FORMS : |  | ( A⋀B⋀C⋀D) | -------------------------------------------------------------------------------------- |
S|K4|n20|D	¬((A⋁B)⋀C)	true	SATISFIABLE	[[¬A, ¬B], [¬C]]	MINIMAL NORMAL FORMS : |  | ( ¬A⋀¬B) ⋁ ( ¬C) | -------------------------------------------------------------------------------------- |
S|K4|n20|O	(A⋁B)⋀C	true	SATISFIABLE	[[A, C], [B, C]]	MINIMAL NORMAL FORMS : |  | ( A⋁B) ⋀ ( C) | -------------------------------------------------------------------------------------- |
S|K4|n06|D	¬(A⋀B⋀C)	true	SATISFIABLE	[[¬A], [¬B], [¬C]]	DISJUNCTIVE  Normal Forms (DNFs) with 3 literals: | ( ¬A) ⋁ ( ¬B) ⋁ ( ¬C) |  | CONJUCTIVE Normal Forms (CNFs) with 3 literals: | ( ¬A⋁¬B⋁¬C) |  |  | MINIMAL NORMAL FORMS : |  | ( ¬A⋁¬B⋁¬C) | -------------------------------------------------------------------------------------- |
S|K4|n06|O	A⋀B⋀C	true	SATISFIABLE	[[A, B, C]]	DISJUNCTIVE  Normal Forms (DNFs) with 3 literals: | ( A⋀B⋀C) |  | CONJUCTIVE Normal Forms (CNFs) with 3 literals: | ( A) ⋀ ( B) ⋀ ( C) |  |  | MINIMAL NORMAL FORMS : |  | ( A⋀B⋀C) | -------------------------------------------------------------------------------------- |
S|K4|n10|D	¬(A⋀B⋀C⋀D)	true	SATISFIABLE	[[¬A], [¬B], [¬C], [¬D]]	DISJUNCTIVE  Normal Forms (DNFs) with 4 literals: | ( ¬A) ⋁ ( ¬B) ⋁ ( ¬C) ⋁ ( ¬D) |  | CONJUCTIVE Normal Forms (CNFs) with 4 literals: | ( ¬A⋁¬B⋁¬C⋁¬D) |  |  | MINIMAL NORMAL FORMS : |  | ( ¬A⋁¬B⋁¬C⋁¬D) | -------------------------------------------------------------------------------------- |
S|K4|n10|O	A⋀B⋀C⋀D	true	SATISFIABLE	[[A, B, C, D]]	DISJUNCTIVE  Normal Forms (DNFs) with 4 literals: | ( A⋀B⋀C⋀D) |  | CONJUCTIVE Normal Forms (CNFs) with 4 literals: | ( A) ⋀ ( B) ⋀ ( C) ⋀ ( D) |  |  | MINIMAL NORMAL FORMS : |  | ( A⋀B⋀C⋀D) | -------------------------------------------------------------------------------------- |
S|K4|n19|D	¬(A⋁B⋁C⋁D)	true	SATISFIABLE	[[¬A, ¬B, ¬C, ¬D]]	DISJUNCTIVE  Normal Forms (DNFs) with 4 literals: | ( ¬A⋀¬B⋀¬C⋀¬D) |  | CONJUCTIVE Normal Forms (CNFs) with 4 literals: | ( ¬A) ⋀ ( ¬B) ⋀ ( ¬C) ⋀ ( ¬D) |  |  | MINIMAL NORMAL FORMS : |  | ( ¬A⋀¬B⋀¬C⋀¬D) | -------------------------------------------------------------------------------------- |
S|K4|n19|O	A⋁B⋁C⋁D	true	SATISFIABLE	[[A], [B], [C], [D]]	DISJUNCTIVE  Normal Forms (DNFs) with 4 literals: | ( A) ⋁ ( B) ⋁ ( C) ⋁ ( D) |  | CONJUCTIVE Normal Forms (CNFs) with 4 literals: | ( A⋁B⋁C⋁D) |  |  | MINIMAL NORMAL FORMS : |  | ( A⋁B⋁C⋁D) | -------------------------------------------------------------------------------------- |
S|K4|n07|D	¬(A⋀B⋀C)	true	SATISFIABLE	[[¬A], [¬B], [¬C]]	DISJUNCTIVE  Normal Forms (DNFs) with 3 literals: | ( ¬A) ⋁ ( ¬B) ⋁ ( ¬C) |  | CONJUCTIVE Normal Forms (CNFs) with 3 literals: | ( ¬A⋁¬B⋁¬C) |  |  | MINIMAL NORMAL FORMS : |  | ( ¬A⋁¬B⋁¬C) | -------------------------------------------------------------------------------------- |
S|K4|n07|O	A⋀B⋀C	true	SATISFIABLE	[[A, B, C]]	DISJUNCTIVE  Normal Forms (DNFs) with 3 literals: | ( A⋀B⋀C) |  | CONJUCTIVE Normal Forms (CNFs) with 3 literals: | ( A) ⋀ ( B) ⋀ ( C) |  |  | MINIMAL NORMAL FORMS : |  | ( A⋀B⋀C) | -------------------------------------------------------------------------------------- |
S|K5|n01|D	(¬C)⋀¬(A⋀B⋀C)	true	SATISFIABLE	[[¬C]]	DISJUNCTIVE  Normal Forms (DNFs) with 1 literals: | ( ¬C) |  | CONJUCTIVE Normal Forms (CNFs) with 1 literals: | ( ¬C) |  |  | MINIMAL NORMAL FORMS : |  | ( ¬C) | -------------------------------------------------------------------------------------- |
S|K5|n01|O	(¬C)⋀(A⋀B⋀C)	true	CONTRADICTION		
S|K5|n22|D	¬(A⋁B⋁C)	true	SATISFIABLE	[[¬A, ¬B, ¬C]]	DISJUNCTIVE  Normal Forms (DNFs) with 3 literals: | ( ¬A⋀¬B⋀¬C) |  | CONJUCTIVE Normal Forms (CNFs) with 3 literals: | ( ¬A) ⋀ ( ¬B) ⋀ ( ¬C) |  |  | MINIMAL NORMAL FORMS : |  | ( ¬A⋀¬B⋀¬C) | -------------------------------------------------------------------------------------- |
S|K5|n22|O	A⋁B⋁C	true	SATISFIABLE	[[A], [B], [C]]	DISJUNCTIVE  Normal Forms (DNFs) with 3 literals: | ( A) ⋁ ( B) ⋁ ( C) |  | CONJUCTIVE Normal Forms (CNFs) with 3 literals: | ( A⋁B⋁C) |  |  | MINIMAL NORMAL FORMS : |  | ( A⋁B⋁C) | -------------------------------------------------------------------------------------- |
S|K5|n23|D	¬(A⋁B)	true	SATISFIABLE	[[¬A, ¬B]]	DISJUNCTIVE  Normal Forms (DNFs) with 2 literals: | ( ¬A⋀¬B) |  | CONJUCTIVE Normal Forms (CNFs) with 2 literals: | ( ¬A) ⋀ ( ¬B) |  |  | MINIMAL NORMAL FORMS : |  | ( ¬A⋀¬B) | -------------------------------------------------------------------------------------- |
S|K5|n23|O	A⋁B	true	SATISFIABLE	[[A], [B]]	DISJUNCTIVE  Normal Forms (DNFs) with 2 literals: | ( A) ⋁ ( B) |  | CONJUCTIVE Normal Forms (CNFs) with 2 literals: | ( A⋁B) |  |  | MINIMAL NORMAL FORMS : |  | ( A⋁B) | -------------------------------------------------------------------------------------- |
S|K5|n02|D	¬(A⋀B⋀C)	true	SATISFIABLE	[[¬A], [¬B], [¬C]]	DISJUNCTIVE  Normal Forms (DNFs) with 3 literals: | ( ¬A) ⋁ ( ¬B) ⋁ ( ¬C) |  | CONJUCTIVE Normal Forms (CNFs) with 3 literals: | ( ¬A⋁¬B⋁¬C) |  |  | MINIMAL NORMAL FORMS : |  | ( ¬A⋁¬B⋁¬C) | -------------------------------------------------------------------------------------- |
S|K5|n02|O	A⋀B⋀C	true	SATISFIABLE	[[A, B, C]]	DISJUNCTIVE  Normal Forms (DNFs) with 3 literals: | ( A⋀B⋀C) |  | CONJUCTIVE Normal Forms (CNFs) with 3 literals: | ( A) ⋀ ( B) ⋀ ( C) |  |  | MINIMAL NORMAL FORMS : |  | ( A⋀B⋀C) | -------------------------------------------------------------------------------------- |
S|K5|n12|D	¬(A⋀B⋀C⋀D)	true	SATISFIABLE	[[¬A], [¬B], [¬C], [¬D]]	DISJUNCTIVE  Normal Forms (DNFs) with 4 literals: | ( ¬A) ⋁ ( ¬B) ⋁ ( ¬C) ⋁ ( ¬D) |  | CONJUCTIVE Normal Forms (CNFs) with 4 literals: | ( ¬A⋁¬B⋁¬C⋁¬D) |  |  | MINIMAL NORMAL FORMS : |  | ( ¬A⋁¬B⋁¬C⋁¬D) | -------------------------------------------------------------------------------------- |
S|K5|n12|O	A⋀B⋀C⋀D	true	SATISFIABLE	[[A, B, C, D]]	DISJUNCTIVE  Normal Forms (DNFs) with 4 literals: | ( A⋀B⋀C⋀D) |  | CONJUCTIVE Normal Forms (CNFs) with 4 literals: | ( A) ⋀ ( B) ⋀ ( C) ⋀ ( D) |  |  | MINIMAL NORMAL FORMS : |  | ( A⋀B⋀C⋀D) | -------------------------------------------------------------------------------------- |
S|K5|n16|D	(¬C)⋀¬(A⋀B⋀C⋀D)	true	SATISFIABLE	[[¬C]]	DISJUNCTIVE  Normal Forms (DNFs) with 1 literals: | ( ¬C) |  | CONJUCTIVE Normal Forms (CNFs) with 1 literals: | ( ¬C) |  |  | MINIMAL NORMAL FORMS : |  | ( ¬C) | -------------------------------------------------------------------------------------- |
S|K5|n16|O	(¬C)⋀(A⋀B⋀C⋀D)	true	CONTRADICTION		
S|K5|n24|D	¬(A⋁B⋁C⋁D)	true	SATISFIABLE	[[¬A, ¬B, ¬C, ¬D]]	DISJUNCTIVE  Normal Forms (DNFs) with 4 literals: | ( ¬A⋀¬B⋀¬C⋀¬D) |  | CONJUCTIVE Normal Forms (CNFs) with 4 literals: | ( ¬A) ⋀ ( ¬B) ⋀ ( ¬C) ⋀ ( ¬D) |  |  | MINIMAL NORMAL FORMS : |  | ( ¬A⋀¬B⋀¬C⋀¬D) | -------------------------------------------------------------------------------------- |
S|K5|n24|O	A⋁B⋁C⋁D	true	SATISFIABLE	[[A], [B], [C], [D]]	DISJUNCTIVE  Normal Forms (DNFs) with 4 literals: | ( A) ⋁ ( B) ⋁ ( C) ⋁ ( D) |  | CONJUCTIVE Normal Forms (CNFs) with 4 literals: | ( A⋁B⋁C⋁D) |  |  | MINIMAL NORMAL FORMS : |  | ( A⋁B⋁C⋁D) | -------------------------------------------------------------------------------------- |
S|K5|n25|D	¬(A⋁B⋁C⋁D)	true	SATISFIABLE	[[¬A, ¬B, ¬C, ¬D]]	DISJUNCTIVE  Normal Forms (DNFs) with 4 literals: | ( ¬A⋀¬B⋀¬C⋀¬D) |  | CONJUCTIVE Normal Forms (CNFs) with 4 literals: | ( ¬A) ⋀ ( ¬B) ⋀ ( ¬C) ⋀ ( ¬D) |  |  | MINIMAL NORMAL FORMS : |  | ( ¬A⋀¬B⋀¬C⋀¬D) | -------------------------------------------------------------------------------------- |
S|K5|n25|O	A⋁B⋁C⋁D	true	SATISFIABLE	[[A], [B], [C], [D]]	DISJUNCTIVE  Normal Forms (DNFs) with 4 literals: | ( A) ⋁ ( B) ⋁ ( C) ⋁ ( D) |  | CONJUCTIVE Normal Forms (CNFs) with 4 literals: | ( A⋁B⋁C⋁D) |  |  | MINIMAL NORMAL FORMS : |  | ( A⋁B⋁C⋁D) | -------------------------------------------------------------------------------------- |
S|K5|n03|D	(A)⋀¬((A⋁B)⋀C)	true	SATISFIABLE	[[A, ¬C]]	DISJUNCTIVE  Normal Forms (DNFs) with 2 literals: | ( A⋀¬C) |  | CONJUCTIVE Normal Forms (CNFs) with 2 literals: | ( A) ⋀ ( ¬C) |  |  | MINIMAL NORMAL FORMS : |  | ( A⋀¬C) | -------------------------------------------------------------------------------------- |
S|K5|n03|O	(A)⋀((A⋁B)⋀C)	true	SATISFIABLE	[[A, C]]	DISJUNCTIVE  Normal Forms (DNFs) with 2 literals: | ( A⋀C) |  | CONJUCTIVE Normal Forms (CNFs) with 2 literals: | ( A) ⋀ ( C) |  |  | MINIMAL NORMAL FORMS : |  | ( A⋀C) | -------------------------------------------------------------------------------------- |
S|K5|n05|D	(C⋀D)⋀¬(A⋀B⋀C⋀D)	true	SATISFIABLE	[[C, D, ¬A], [C, D, ¬B]]	MINIMAL NORMAL FORMS : |  | ( C) ⋀ ( D) ⋀ ( ¬A⋁¬B) | -------------------------------------------------------------------------------------- |
S|K5|n05|O	(C⋀D)⋀(A⋀B⋀C⋀D)	true	SATISFIABLE	[[C, D, A, B]]	DISJUNCTIVE  Normal Forms (DNFs) with 4 literals: | ( C⋀D⋀A⋀B) |  | CONJUCTIVE Normal Forms (CNFs) with 4 literals: | ( C) ⋀ ( D) ⋀ ( A) ⋀ ( B) |  |  | MINIMAL NORMAL FORMS : |  | ( C⋀D⋀A⋀B) | -------------------------------------------------------------------------------------- |
S|K5|n09|D	¬(A⋀B⋀C⋀D)	true	SATISFIABLE	[[¬A], [¬B], [¬C], [¬D]]	DISJUNCTIVE  Normal Forms (DNFs) with 4 literals: | ( ¬A) ⋁ ( ¬B) ⋁ ( ¬C) ⋁ ( ¬D) |  | CONJUCTIVE Normal Forms (CNFs) with 4 literals: | ( ¬A⋁¬B⋁¬C⋁¬D) |  |  | MINIMAL NORMAL FORMS : |  | ( ¬A⋁¬B⋁¬C⋁¬D) | -------------------------------------------------------------------------------------- |
S|K5|n09|O	A⋀B⋀C⋀D	true	SATISFIABLE	[[A, B, C, D]]	DISJUNCTIVE  Normal Forms (DNFs) with 4 literals: | ( A⋀B⋀C⋀D) |  | CONJUCTIVE Normal Forms (CNFs) with 4 literals: | ( A) ⋀ ( B) ⋀ ( C) ⋀ ( D) |  |  | MINIMAL NORMAL FORMS : |  | ( A⋀B⋀C⋀D) | -------------------------------------------------------------------------------------- |
S|K5|n13|D	¬(A⋀B⋀C⋀D)	true	SATISFIABLE	[[¬A], [¬B], [¬C], [¬D]]	DISJUNCTIVE  Normal Forms (DNFs) with 4 literals: | ( ¬A) ⋁ ( ¬B) ⋁ ( ¬C) ⋁ ( ¬D) |  | CONJUCTIVE Normal Forms (CNFs) with 4 literals: | ( ¬A⋁¬B⋁¬C⋁¬D) |  |  | MINIMAL NORMAL FORMS : |  | ( ¬A⋁¬B⋁¬C⋁¬D) | -------------------------------------------------------------------------------------- |
S|K5|n13|O	A⋀B⋀C⋀D	true	SATISFIABLE	[[A, B, C, D]]	DISJUNCTIVE  Normal Forms (DNFs) with 4 literals: | ( A⋀B⋀C⋀D) |  | CONJUCTIVE Normal Forms (CNFs) with 4 literals: | ( A) ⋀ ( B) ⋀ ( C) ⋀ ( D) |  |  | MINIMAL NORMAL FORMS : |  | ( A⋀B⋀C⋀D) | -------------------------------------------------------------------------------------- |
S|K5|n14|D	¬(A⋀B⋀C)	true	SATISFIABLE	[[¬A], [¬B], [¬C]]	DISJUNCTIVE  Normal Forms (DNFs) with 3 literals: | ( ¬A) ⋁ ( ¬B) ⋁ ( ¬C) |  | CONJUCTIVE Normal Forms (CNFs) with 3 literals: | ( ¬A⋁¬B⋁¬C) |  |  | MINIMAL NORMAL FORMS : |  | ( ¬A⋁¬B⋁¬C) | -------------------------------------------------------------------------------------- |
S|K5|n14|O	A⋀B⋀C	true	SATISFIABLE	[[A, B, C]]	DISJUNCTIVE  Normal Forms (DNFs) with 3 literals: | ( A⋀B⋀C) |  | CONJUCTIVE Normal Forms (CNFs) with 3 literals: | ( A) ⋀ ( B) ⋀ ( C) |  |  | MINIMAL NORMAL FORMS : |  | ( A⋀B⋀C) | -------------------------------------------------------------------------------------- |
S|K5|n18|D	(¬A⋀C)⋀¬(A⋀B⋀C⋀D)	true	SATISFIABLE	[[¬A, C]]	DISJUNCTIVE  Normal Forms (DNFs) with 2 literals: | ( ¬A⋀C) |  | CONJUCTIVE Normal Forms (CNFs) with 2 literals: | ( ¬A) ⋀ ( C) |  |  | MINIMAL NORMAL FORMS : |  | ( ¬A⋀C) | -------------------------------------------------------------------------------------- |
S|K5|n18|O	(¬A⋀C)⋀(A⋀B⋀C⋀D)	true	CONTRADICTION		
S|K5|n20|D	¬((A⋁B)⋀C)	true	SATISFIABLE	[[¬A, ¬B], [¬C]]	MINIMAL NORMAL FORMS : |  | ( ¬A⋀¬B) ⋁ ( ¬C) | -------------------------------------------------------------------------------------- |
S|K5|n20|O	(A⋁B)⋀C	true	SATISFIABLE	[[A, C], [B, C]]	MINIMAL NORMAL FORMS : |  | ( A⋁B) ⋀ ( C) | -------------------------------------------------------------------------------------- |
S|K5|n06|D	¬(A⋀B⋀C)	true	SATISFIABLE	[[¬A], [¬B], [¬C]]	DISJUNCTIVE  Normal Forms (DNFs) with 3 literals: | ( ¬A) ⋁ ( ¬B) ⋁ ( ¬C) |  | CONJUCTIVE Normal Forms (CNFs) with 3 literals: | ( ¬A⋁¬B⋁¬C) |  |  | MINIMAL NORMAL FORMS : |  | ( ¬A⋁¬B⋁¬C) | -------------------------------------------------------------------------------------- |
S|K5|n06|O	A⋀B⋀C	true	SATISFIABLE	[[A, B, C]]	DISJUNCTIVE  Normal Forms (DNFs) with 3 literals: | ( A⋀B⋀C) |  | CONJUCTIVE Normal Forms (CNFs) with 3 literals: | ( A) ⋀ ( B) ⋀ ( C) |  |  | MINIMAL NORMAL FORMS : |  | ( A⋀B⋀C) | -------------------------------------------------------------------------------------- |
S|K5|n10|D	¬(A⋀B⋀C⋀D)	true	SATISFIABLE	[[¬A], [¬B], [¬C], [¬D]]	DISJUNCTIVE  Normal Forms (DNFs) with 4 literals: | ( ¬A) ⋁ ( ¬B) ⋁ ( ¬C) ⋁ ( ¬D) |  | CONJUCTIVE Normal Forms (CNFs) with 4 literals: | ( ¬A⋁¬B⋁¬C⋁¬D) |  |  | MINIMAL NORMAL FORMS : |  | ( ¬A⋁¬B⋁¬C⋁¬D) | -------------------------------------------------------------------------------------- |
S|K5|n10|O	A⋀B⋀C⋀D	true	SATISFIABLE	[[A, B, C, D]]	DISJUNCTIVE  Normal Forms (DNFs) with 4 literals: | ( A⋀B⋀C⋀D) |  | CONJUCTIVE Normal Forms (CNFs) with 4 literals: | ( A) ⋀ ( B) ⋀ ( C) ⋀ ( D) |  |  | MINIMAL NORMAL FORMS : |  | ( A⋀B⋀C⋀D) | -------------------------------------------------------------------------------------- |
S|K5|n19|D	(A)⋀¬(A⋁B⋁C⋁D)	true	CONTRADICTION		
S|K5|n19|O	(A)⋀(A⋁B⋁C⋁D)	true	SATISFIABLE	[[A]]	DISJUNCTIVE  Normal Forms (DNFs) with 1 literals: | ( A) |  | CONJUCTIVE Normal Forms (CNFs) with 1 literals: | ( A) |  |  | MINIMAL NORMAL FORMS : |  | ( A) | -------------------------------------------------------------------------------------- |
S|K5|n07|D	(B⋀C)⋀¬(A⋀B⋀C)	true	SATISFIABLE	[[B, C, ¬A]]	DISJUNCTIVE  Normal Forms (DNFs) with 3 literals: | ( B⋀C⋀¬A) |  | CONJUCTIVE Normal Forms (CNFs) with 3 literals: | ( B) ⋀ ( C) ⋀ ( ¬A) |  |  | MINIMAL NORMAL FORMS : |  | ( B⋀C⋀¬A) | -------------------------------------------------------------------------------------- |
S|K5|n07|O	(B⋀C)⋀(A⋀B⋀C)	true	SATISFIABLE	[[B, C, A]]	DISJUNCTIVE  Normal Forms (DNFs) with 3 literals: | ( B⋀C⋀A) |  | CONJUCTIVE Normal Forms (CNFs) with 3 literals: | ( B) ⋀ ( C) ⋀ ( A) |  |  | MINIMAL NORMAL FORMS : |  | ( B⋀C⋀A) | -------------------------------------------------------------------------------------- |
B|K1|n01|D	¬(A⋀B⋀C)	true	SATISFIABLE	[[¬A], [¬B], [¬C]]	DISJUNCTIVE  Normal Forms (DNFs) with 3 literals: | ( ¬A) ⋁ ( ¬B) ⋁ ( ¬C) |  | CONJUCTIVE Normal Forms (CNFs) with 3 literals: | ( ¬A⋁¬B⋁¬C) |  |  | MINIMAL NORMAL FORMS : |  | ( ¬A⋁¬B⋁¬C) | -------------------------------------------------------------------------------------- |
B|K1|n01|O	A⋀B⋀C	true	SATISFIABLE	[[A, B, C]]	DISJUNCTIVE  Normal Forms (DNFs) with 3 literals: | ( A⋀B⋀C) |  | CONJUCTIVE Normal Forms (CNFs) with 3 literals: | ( A) ⋀ ( B) ⋀ ( C) |  |  | MINIMAL NORMAL FORMS : |  | ( A⋀B⋀C) | -------------------------------------------------------------------------------------- |
B|K1|n22|D	¬(A⋁B⋁C)	true	SATISFIABLE	[[¬A, ¬B, ¬C]]	DISJUNCTIVE  Normal Forms (DNFs) with 3 literals: | ( ¬A⋀¬B⋀¬C) |  | CONJUCTIVE Normal Forms (CNFs) with 3 literals: | ( ¬A) ⋀ ( ¬B) ⋀ ( ¬C) |  |  | MINIMAL NORMAL FORMS : |  | ( ¬A⋀¬B⋀¬C) | -------------------------------------------------------------------------------------- |
B|K1|n22|O	A⋁B⋁C	true	SATISFIABLE	[[A], [B], [C]]	DISJUNCTIVE  Normal Forms (DNFs) with 3 literals: | ( A) ⋁ ( B) ⋁ ( C) |  | CONJUCTIVE Normal Forms (CNFs) with 3 literals: | ( A⋁B⋁C) |  |  | MINIMAL NORMAL FORMS : |  | ( A⋁B⋁C) | -------------------------------------------------------------------------------------- |
B|K1|n23|D	(A⋀B)⋀¬(A⋁B)	true	CONTRADICTION		
B|K1|n23|O	(A⋀B)⋀(A⋁B)	true	SATISFIABLE	[[A, B]]	DISJUNCTIVE  Normal Forms (DNFs) with 2 literals: | ( A⋀B) |  | CONJUCTIVE Normal Forms (CNFs) with 2 literals: | ( A) ⋀ ( B) |  |  | MINIMAL NORMAL FORMS : |  | ( A⋀B) | -------------------------------------------------------------------------------------- |
B|K1|n02|D	¬(A⋀B⋀C)	true	SATISFIABLE	[[¬A], [¬B], [¬C]]	DISJUNCTIVE  Normal Forms (DNFs) with 3 literals: | ( ¬A) ⋁ ( ¬B) ⋁ ( ¬C) |  | CONJUCTIVE Normal Forms (CNFs) with 3 literals: | ( ¬A⋁¬B⋁¬C) |  |  | MINIMAL NORMAL FORMS : |  | ( ¬A⋁¬B⋁¬C) | -------------------------------------------------------------------------------------- |
B|K1|n02|O	A⋀B⋀C	true	SATISFIABLE	[[A, B, C]]	DISJUNCTIVE  Normal Forms (DNFs) with 3 literals: | ( A⋀B⋀C) |  | CONJUCTIVE Normal Forms (CNFs) with 3 literals: | ( A) ⋀ ( B) ⋀ ( C) |  |  | MINIMAL NORMAL FORMS : |  | ( A⋀B⋀C) | -------------------------------------------------------------------------------------- |
B|K1|n12|D	¬(A⋀B⋀C⋀D)	true	SATISFIABLE	[[¬A], [¬B], [¬C], [¬D]]	DISJUNCTIVE  Normal Forms (DNFs) with 4 literals: | ( ¬A) ⋁ ( ¬B) ⋁ ( ¬C) ⋁ ( ¬D) |  | CONJUCTIVE Normal Forms (CNFs) with 4 literals: | ( ¬A⋁¬B⋁¬C⋁¬D) |  |  | MINIMAL NORMAL FORMS : |  | ( ¬A⋁¬B⋁¬C⋁¬D) | -------------------------------------------------------------------------------------- |
B|K1|n12|O	A⋀B⋀C⋀D	true	SATISFIABLE	[[A, B, C, D]]	DISJUNCTIVE  Normal Forms (DNFs) with 4 literals: | ( A⋀B⋀C⋀D) |  | CONJUCTIVE Normal Forms (CNFs) with 4 literals: | ( A) ⋀ ( B) ⋀ ( C) ⋀ ( D) |  |  | MINIMAL NORMAL FORMS : |  | ( A⋀B⋀C⋀D) | -------------------------------------------------------------------------------------- |
B|K1|n16|D	(A⋀B)⋀¬(A⋀B⋀C⋀D)	true	SATISFIABLE	[[A, B, ¬C], [A, B, ¬D]]	MINIMAL NORMAL FORMS : |  | ( A) ⋀ ( B) ⋀ ( ¬C⋁¬D) | -------------------------------------------------------------------------------------- |
B|K1|n16|O	(A⋀B)⋀(A⋀B⋀C⋀D)	true	SATISFIABLE	[[A, B, C, D]]	DISJUNCTIVE  Normal Forms (DNFs) with 4 literals: | ( A⋀B⋀C⋀D) |  | CONJUCTIVE Normal Forms (CNFs) with 4 literals: | ( A) ⋀ ( B) ⋀ ( C) ⋀ ( D) |  |  | MINIMAL NORMAL FORMS : |  | ( A⋀B⋀C⋀D) | -------------------------------------------------------------------------------------- |
B|K1|n24|D	(¬A⋀D)⋀¬(A⋁B⋁C⋁D)	true	CONTRADICTION		
B|K1|n24|O	(¬A⋀D)⋀(A⋁B⋁C⋁D)	true	SATISFIABLE	[[¬A, D]]	DISJUNCTIVE  Normal Forms (DNFs) with 2 literals: | ( ¬A⋀D) |  | CONJUCTIVE Normal Forms (CNFs) with 2 literals: | ( ¬A) ⋀ ( D) |  |  | MINIMAL NORMAL FORMS : |  | ( ¬A⋀D) | -------------------------------------------------------------------------------------- |
B|K1|n25|D	(D)⋀¬(A⋁B⋁C⋁D)	true	CONTRADICTION		
B|K1|n25|O	(D)⋀(A⋁B⋁C⋁D)	true	SATISFIABLE	[[D]]	DISJUNCTIVE  Normal Forms (DNFs) with 1 literals: | ( D) |  | CONJUCTIVE Normal Forms (CNFs) with 1 literals: | ( D) |  |  | MINIMAL NORMAL FORMS : |  | ( D) | -------------------------------------------------------------------------------------- |
B|K1|n03|D	(A⋀B)⋀¬((A⋁B)⋀C)	true	SATISFIABLE	[[A, B, ¬C]]	DISJUNCTIVE  Normal Forms (DNFs) with 3 literals: | ( A⋀B⋀¬C) |  | CONJUCTIVE Normal Forms (CNFs) with 3 literals: | ( A) ⋀ ( B) ⋀ ( ¬C) |  |  | MINIMAL NORMAL FORMS : |  | ( A⋀B⋀¬C) | -------------------------------------------------------------------------------------- |
B|K1|n03|O	(A⋀B)⋀((A⋁B)⋀C)	true	SATISFIABLE	[[A, B, C]]	DISJUNCTIVE  Normal Forms (DNFs) with 3 literals: | ( A⋀B⋀C) |  | CONJUCTIVE Normal Forms (CNFs) with 3 literals: | ( A) ⋀ ( B) ⋀ ( C) |  |  | MINIMAL NORMAL FORMS : |  | ( A⋀B⋀C) | -------------------------------------------------------------------------------------- |
B|K1|n05|D	(D)⋀¬(A⋀B⋀C⋀D)	true	SATISFIABLE	[[D, ¬A], [D, ¬B], [D, ¬C]]	MINIMAL NORMAL FORMS : |  | ( D) ⋀ ( ¬A⋁¬B⋁¬C) | -------------------------------------------------------------------------------------- |
B|K1|n05|O	(D)⋀(A⋀B⋀C⋀D)	true	SATISFIABLE	[[D, A, B, C]]	DISJUNCTIVE  Normal Forms (DNFs) with 4 literals: | ( D⋀A⋀B⋀C) |  | CONJUCTIVE Normal Forms (CNFs) with 4 literals: | ( D) ⋀ ( A) ⋀ ( B) ⋀ ( C) |  |  | MINIMAL NORMAL FORMS : |  | ( D⋀A⋀B⋀C) | -------------------------------------------------------------------------------------- |
B|K1|n09|D	¬(A⋀B⋀C⋀D)	true	SATISFIABLE	[[¬A], [¬B], [¬C], [¬D]]	DISJUNCTIVE  Normal Forms (DNFs) with 4 literals: | ( ¬A) ⋁ ( ¬B) ⋁ ( ¬C) ⋁ ( ¬D) |  | CONJUCTIVE Normal Forms (CNFs) with 4 literals: | ( ¬A⋁¬B⋁¬C⋁¬D) |  |  | MINIMAL NORMAL FORMS : |  | ( ¬A⋁¬B⋁¬C⋁¬D) | -------------------------------------------------------------------------------------- |
B|K1|n09|O	A⋀B⋀C⋀D	true	SATISFIABLE	[[A, B, C, D]]	DISJUNCTIVE  Normal Forms (DNFs) with 4 literals: | ( A⋀B⋀C⋀D) |  | CONJUCTIVE Normal Forms (CNFs) with 4 literals: | ( A) ⋀ ( B) ⋀ ( C) ⋀ ( D) |  |  | MINIMAL NORMAL FORMS : |  | ( A⋀B⋀C⋀D) | -------------------------------------------------------------------------------------- |
B|K1|n13|D	¬(A⋀B⋀C⋀D)	true	SATISFIABLE	[[¬A], [¬B], [¬C], [¬D]]	DISJUNCTIVE  Normal Forms (DNFs) with 4 literals: | ( ¬A) ⋁ ( ¬B) ⋁ ( ¬C) ⋁ ( ¬D) |  | CONJUCTIVE Normal Forms (CNFs) with 4 literals: | ( ¬A⋁¬B⋁¬C⋁¬D) |  |  | MINIMAL NORMAL FORMS : |  | ( ¬A⋁¬B⋁¬C⋁¬D) | -------------------------------------------------------------------------------------- |
B|K1|n13|O	A⋀B⋀C⋀D	true	SATISFIABLE	[[A, B, C, D]]	DISJUNCTIVE  Normal Forms (DNFs) with 4 literals: | ( A⋀B⋀C⋀D) |  | CONJUCTIVE Normal Forms (CNFs) with 4 literals: | ( A) ⋀ ( B) ⋀ ( C) ⋀ ( D) |  |  | MINIMAL NORMAL FORMS : |  | ( A⋀B⋀C⋀D) | -------------------------------------------------------------------------------------- |
B|K1|n14|D	(A⋀B)⋀¬(A⋀B⋀C)	true	SATISFIABLE	[[A, B, ¬C]]	DISJUNCTIVE  Normal Forms (DNFs) with 3 literals: | ( A⋀B⋀¬C) |  | CONJUCTIVE Normal Forms (CNFs) with 3 literals: | ( A) ⋀ ( B) ⋀ ( ¬C) |  |  | MINIMAL NORMAL FORMS : |  | ( A⋀B⋀¬C) | -------------------------------------------------------------------------------------- |
B|K1|n14|O	(A⋀B)⋀(A⋀B⋀C)	true	SATISFIABLE	[[A, B, C]]	DISJUNCTIVE  Normal Forms (DNFs) with 3 literals: | ( A⋀B⋀C) |  | CONJUCTIVE Normal Forms (CNFs) with 3 literals: | ( A) ⋀ ( B) ⋀ ( C) |  |  | MINIMAL NORMAL FORMS : |  | ( A⋀B⋀C) | -------------------------------------------------------------------------------------- |
B|K1|n18|D	(A⋀C)⋀¬(A⋀B⋀C⋀D)	true	SATISFIABLE	[[A, C, ¬B], [A, C, ¬D]]	MINIMAL NORMAL FORMS : |  | ( A) ⋀ ( C) ⋀ ( ¬B⋁¬D) | -------------------------------------------------------------------------------------- |
B|K1|n18|O	(A⋀C)⋀(A⋀B⋀C⋀D)	true	SATISFIABLE	[[A, C, B, D]]	DISJUNCTIVE  Normal Forms (DNFs) with 4 literals: | ( A⋀C⋀B⋀D) |  | CONJUCTIVE Normal Forms (CNFs) with 4 literals: | ( A) ⋀ ( C) ⋀ ( B) ⋀ ( D) |  |  | MINIMAL NORMAL FORMS : |  | ( A⋀C⋀B⋀D) | -------------------------------------------------------------------------------------- |
B|K1|n20|D	¬((A⋁B)⋀C)	true	SATISFIABLE	[[¬A, ¬B], [¬C]]	MINIMAL NORMAL FORMS : |  | ( ¬A⋀¬B) ⋁ ( ¬C) | -------------------------------------------------------------------------------------- |
B|K1|n20|O	(A⋁B)⋀C	true	SATISFIABLE	[[A, C], [B, C]]	MINIMAL NORMAL FORMS : |  | ( A⋁B) ⋀ ( C) | -------------------------------------------------------------------------------------- |
B|K1|n06|D	¬(A⋀B⋀C)	true	SATISFIABLE	[[¬A], [¬B], [¬C]]	DISJUNCTIVE  Normal Forms (DNFs) with 3 literals: | ( ¬A) ⋁ ( ¬B) ⋁ ( ¬C) |  | CONJUCTIVE Normal Forms (CNFs) with 3 literals: | ( ¬A⋁¬B⋁¬C) |  |  | MINIMAL NORMAL FORMS : |  | ( ¬A⋁¬B⋁¬C) | -------------------------------------------------------------------------------------- |
B|K1|n06|O	A⋀B⋀C	true	SATISFIABLE	[[A, B, C]]	DISJUNCTIVE  Normal Forms (DNFs) with 3 literals: | ( A⋀B⋀C) |  | CONJUCTIVE Normal Forms (CNFs) with 3 literals: | ( A) ⋀ ( B) ⋀ ( C) |  |  | MINIMAL NORMAL FORMS : |  | ( A⋀B⋀C) | -------------------------------------------------------------------------------------- |
B|K1|n10|D	¬(A⋀B⋀C⋀D)	true	SATISFIABLE	[[¬A], [¬B], [¬C], [¬D]]	DISJUNCTIVE  Normal Forms (DNFs) with 4 literals: | ( ¬A) ⋁ ( ¬B) ⋁ ( ¬C) ⋁ ( ¬D) |  | CONJUCTIVE Normal Forms (CNFs) with 4 literals: | ( ¬A⋁¬B⋁¬C⋁¬D) |  |  | MINIMAL NORMAL FORMS : |  | ( ¬A⋁¬B⋁¬C⋁¬D) | -------------------------------------------------------------------------------------- |
B|K1|n10|O	A⋀B⋀C⋀D	true	SATISFIABLE	[[A, B, C, D]]	DISJUNCTIVE  Normal Forms (DNFs) with 4 literals: | ( A⋀B⋀C⋀D) |  | CONJUCTIVE Normal Forms (CNFs) with 4 literals: | ( A) ⋀ ( B) ⋀ ( C) ⋀ ( D) |  |  | MINIMAL NORMAL FORMS : |  | ( A⋀B⋀C⋀D) | -------------------------------------------------------------------------------------- |
B|K1|n19|D	(A⋀B)⋀¬(A⋁B⋁C⋁D)	true	CONTRADICTION		
B|K1|n19|O	(A⋀B)⋀(A⋁B⋁C⋁D)	true	SATISFIABLE	[[A, B]]	DISJUNCTIVE  Normal Forms (DNFs) with 2 literals: | ( A⋀B) |  | CONJUCTIVE Normal Forms (CNFs) with 2 literals: | ( A) ⋀ ( B) |  |  | MINIMAL NORMAL FORMS : |  | ( A⋀B) | -------------------------------------------------------------------------------------- |
B|K1|n07|D	(A)⋀¬(A⋀B⋀C)	true	SATISFIABLE	[[A, ¬B], [A, ¬C]]	MINIMAL NORMAL FORMS : |  | ( A) ⋀ ( ¬B⋁¬C) | -------------------------------------------------------------------------------------- |
B|K1|n07|O	(A)⋀(A⋀B⋀C)	true	SATISFIABLE	[[A, B, C]]	DISJUNCTIVE  Normal Forms (DNFs) with 3 literals: | ( A⋀B⋀C) |  | CONJUCTIVE Normal Forms (CNFs) with 3 literals: | ( A) ⋀ ( B) ⋀ ( C) |  |  | MINIMAL NORMAL FORMS : |  | ( A⋀B⋀C) | -------------------------------------------------------------------------------------- |
B|K2|n01|D	(¬C)⋀¬(A⋀B⋀C)	true	SATISFIABLE	[[¬C]]	DISJUNCTIVE  Normal Forms (DNFs) with 1 literals: | ( ¬C) |  | CONJUCTIVE Normal Forms (CNFs) with 1 literals: | ( ¬C) |  |  | MINIMAL NORMAL FORMS : |  | ( ¬C) | -------------------------------------------------------------------------------------- |
B|K2|n01|O	(¬C)⋀(A⋀B⋀C)	true	CONTRADICTION		
B|K2|n22|D	¬(A⋁B⋁C)	true	SATISFIABLE	[[¬A, ¬B, ¬C]]	DISJUNCTIVE  Normal Forms (DNFs) with 3 literals: | ( ¬A⋀¬B⋀¬C) |  | CONJUCTIVE Normal Forms (CNFs) with 3 literals: | ( ¬A) ⋀ ( ¬B) ⋀ ( ¬C) |  |  | MINIMAL NORMAL FORMS : |  | ( ¬A⋀¬B⋀¬C) | -------------------------------------------------------------------------------------- |
B|K2|n22|O	A⋁B⋁C	true	SATISFIABLE	[[A], [B], [C]]	DISJUNCTIVE  Normal Forms (DNFs) with 3 literals: | ( A) ⋁ ( B) ⋁ ( C) |  | CONJUCTIVE Normal Forms (CNFs) with 3 literals: | ( A⋁B⋁C) |  |  | MINIMAL NORMAL FORMS : |  | ( A⋁B⋁C) | -------------------------------------------------------------------------------------- |
B|K2|n23|D	(B)⋀¬(A⋁B)	true	CONTRADICTION		
B|K2|n23|O	(B)⋀(A⋁B)	true	SATISFIABLE	[[B]]	DISJUNCTIVE  Normal Forms (DNFs) with 1 literals: | ( B) |  | CONJUCTIVE Normal Forms (CNFs) with 1 literals: | ( B) |  |  | MINIMAL NORMAL FORMS : |  | ( B) | -------------------------------------------------------------------------------------- |
B|K2|n02|D	¬(A⋀B⋀C)	true	SATISFIABLE	[[¬A], [¬B], [¬C]]	DISJUNCTIVE  Normal Forms (DNFs) with 3 literals: | ( ¬A) ⋁ ( ¬B) ⋁ ( ¬C) |  | CONJUCTIVE Normal Forms (CNFs) with 3 literals: | ( ¬A⋁¬B⋁¬C) |  |  | MINIMAL NORMAL FORMS : |  | ( ¬A⋁¬B⋁¬C) | -------------------------------------------------------------------------------------- |
B|K2|n02|O	A⋀B⋀C	true	SATISFIABLE	[[A, B, C]]	DISJUNCTIVE  Normal Forms (DNFs) with 3 literals: | ( A⋀B⋀C) |  | CONJUCTIVE Normal Forms (CNFs) with 3 literals: | ( A) ⋀ ( B) ⋀ ( C) |  |  | MINIMAL NORMAL FORMS : |  | ( A⋀B⋀C) | -------------------------------------------------------------------------------------- |
B|K2|n12|D	¬(A⋀B⋀C⋀D)	true	SATISFIABLE	[[¬A], [¬B], [¬C], [¬D]]	DISJUNCTIVE  Normal Forms (DNFs) with 4 literals: | ( ¬A) ⋁ ( ¬B) ⋁ ( ¬C) ⋁ ( ¬D) |  | CONJUCTIVE Normal Forms (CNFs) with 4 literals: | ( ¬A⋁¬B⋁¬C⋁¬D) |  |  | MINIMAL NORMAL FORMS : |  | ( ¬A⋁¬B⋁¬C⋁¬D) | -------------------------------------------------------------------------------------- |
B|K2|n12|O	A⋀B⋀C⋀D	true	SATISFIABLE	[[A, B, C, D]]	DISJUNCTIVE  Normal Forms (DNFs) with 4 literals: | ( A⋀B⋀C⋀D) |  | CONJUCTIVE Normal Forms (CNFs) with 4 literals: | ( A) ⋀ ( B) ⋀ ( C) ⋀ ( D) |  |  | MINIMAL NORMAL FORMS : |  | ( A⋀B⋀C⋀D) | -------------------------------------------------------------------------------------- |
B|K2|n16|D	(¬A)⋀¬(A⋀B⋀C⋀D)	true	SATISFIABLE	[[¬A]]	DISJUNCTIVE  Normal Forms (DNFs) with 1 literals: | ( ¬A) |  | CONJUCTIVE Normal Forms (CNFs) with 1 literals: | ( ¬A) |  |  | MINIMAL NORMAL FORMS : |  | ( ¬A) | -------------------------------------------------------------------------------------- |
B|K2|n16|O	(¬A)⋀(A⋀B⋀C⋀D)	true	CONTRADICTION		
B|K2|n24|D	(¬D)⋀¬(A⋁B⋁C⋁D)	true	SATISFIABLE	[[¬D, ¬A, ¬B, ¬C]]	DISJUNCTIVE  Normal Forms (DNFs) with 4 literals: | ( ¬D⋀¬A⋀¬B⋀¬C) |  | CONJUCTIVE Normal Forms (CNFs) with 4 literals: | ( ¬D) ⋀ ( ¬A) ⋀ ( ¬B) ⋀ ( ¬C) |  |  | MINIMAL NORMAL FORMS : |  | ( ¬D⋀¬A⋀¬B⋀¬C) | -------------------------------------------------------------------------------------- |
B|K2|n24|O	(¬D)⋀(A⋁B⋁C⋁D)	true	SATISFIABLE	[[¬D, A], [¬D, B], [¬D, C]]	MINIMAL NORMAL FORMS : |  | ( ¬D) ⋀ ( A⋁B⋁C) | -------------------------------------------------------------------------------------- |
B|K2|n25|D	(A)⋀¬(A⋁B⋁C⋁D)	true	CONTRADICTION		
B|K2|n25|O	(A)⋀(A⋁B⋁C⋁D)	true	SATISFIABLE	[[A]]	DISJUNCTIVE  Normal Forms (DNFs) with 1 literals: | ( A) |  | CONJUCTIVE Normal Forms (CNFs) with 1 literals: | ( A) |  |  | MINIMAL NORMAL FORMS : |  | ( A) | -------------------------------------------------------------------------------------- |
B|K2|n03|D	¬((A⋁B)⋀C)	true	SATISFIABLE	[[¬A, ¬B], [¬C]]	MINIMAL NORMAL FORMS : |  | ( ¬A⋀¬B) ⋁ ( ¬C) | -------------------------------------------------------------------------------------- |
B|K2|n03|O	(A⋁B)⋀C	true	SATISFIABLE	[[A, C], [B, C]]	MINIMAL NORMAL FORMS : |  | ( A⋁B) ⋀ ( C) | -------------------------------------------------------------------------------------- |
B|K2|n05|D	(A)⋀¬(A⋀B⋀C⋀D)	true	SATISFIABLE	[[A, ¬B], [A, ¬C], [A, ¬D]]	MINIMAL NORMAL FORMS : |  | ( A) ⋀ ( ¬B⋁¬C⋁¬D) | -------------------------------------------------------------------------------------- |
B|K2|n05|O	(A)⋀(A⋀B⋀C⋀D)	true	SATISFIABLE	[[A, B, C, D]]	DISJUNCTIVE  Normal Forms (DNFs) with 4 literals: | ( A⋀B⋀C⋀D) |  | CONJUCTIVE Normal Forms (CNFs) with 4 literals: | ( A) ⋀ ( B) ⋀ ( C) ⋀ ( D) |  |  | MINIMAL NORMAL FORMS : |  | ( A⋀B⋀C⋀D) | -------------------------------------------------------------------------------------- |
B|K2|n09|D	¬(A⋀B⋀C⋀D)	true	SATISFIABLE	[[¬A], [¬B], [¬C], [¬D]]	DISJUNCTIVE  Normal Forms (DNFs) with 4 literals: | ( ¬A) ⋁ ( ¬B) ⋁ ( ¬C) ⋁ ( ¬D) |  | CONJUCTIVE Normal Forms (CNFs) with 4 literals: | ( ¬A⋁¬B⋁¬C⋁¬D) |  |  | MINIMAL NORMAL FORMS : |  | ( ¬A⋁¬B⋁¬C⋁¬D) | -------------------------------------------------------------------------------------- |
B|K2|n09|O	A⋀B⋀C⋀D	true	SATISFIABLE	[[A, B, C, D]]	DISJUNCTIVE  Normal Forms (DNFs) with 4 literals: | ( A⋀B⋀C⋀D) |  | CONJUCTIVE Normal Forms (CNFs) with 4 literals: | ( A) ⋀ ( B) ⋀ ( C) ⋀ ( D) |  |  | MINIMAL NORMAL FORMS : |  | ( A⋀B⋀C⋀D) | -------------------------------------------------------------------------------------- |
B|K2|n13|D	¬(A⋀B⋀C⋀D)	true	SATISFIABLE	[[¬A], [¬B], [¬C], [¬D]]	DISJUNCTIVE  Normal Forms (DNFs) with 4 literals: | ( ¬A) ⋁ ( ¬B) ⋁ ( ¬C) ⋁ ( ¬D) |  | CONJUCTIVE Normal Forms (CNFs) with 4 literals: | ( ¬A⋁¬B⋁¬C⋁¬D) |  |  | MINIMAL NORMAL FORMS : |  | ( ¬A⋁¬B⋁¬C⋁¬D) | -------------------------------------------------------------------------------------- |
B|K2|n13|O	A⋀B⋀C⋀D	true	SATISFIABLE	[[A, B, C, D]]	DISJUNCTIVE  Normal Forms (DNFs) with 4 literals: | ( A⋀B⋀C⋀D) |  | CONJUCTIVE Normal Forms (CNFs) with 4 literals: | ( A) ⋀ ( B) ⋀ ( C) ⋀ ( D) |  |  | MINIMAL NORMAL FORMS : |  | ( A⋀B⋀C⋀D) | -------------------------------------------------------------------------------------- |
B|K2|n14|D	(A⋀C)⋀¬(A⋀B⋀C)	true	SATISFIABLE	[[A, C, ¬B]]	DISJUNCTIVE  Normal Forms (DNFs) with 3 literals: | ( A⋀C⋀¬B) |  | CONJUCTIVE Normal Forms (CNFs) with 3 literals: | ( A) ⋀ ( C) ⋀ ( ¬B) |  |  | MINIMAL NORMAL FORMS : |  | ( A⋀C⋀¬B) | -------------------------------------------------------------------------------------- |
B|K2|n14|O	(A⋀C)⋀(A⋀B⋀C)	true	SATISFIABLE	[[A, C, B]]	DISJUNCTIVE  Normal Forms (DNFs) with 3 literals: | ( A⋀C⋀B) |  | CONJUCTIVE Normal Forms (CNFs) with 3 literals: | ( A) ⋀ ( C) ⋀ ( B) |  |  | MINIMAL NORMAL FORMS : |  | ( A⋀C⋀B) | -------------------------------------------------------------------------------------- |
B|K2|n18|D	(A⋀C)⋀¬(A⋀B⋀C⋀D)	true	SATISFIABLE	[[A, C, ¬B], [A, C, ¬D]]	MINIMAL NORMAL FORMS : |  | ( A) ⋀ ( C) ⋀ ( ¬B⋁¬D) | -------------------------------------------------------------------------------------- |
B|K2|n18|O	(A⋀C)⋀(A⋀B⋀C⋀D)	true	SATISFIABLE	[[A, C, B, D]]	DISJUNCTIVE  Normal Forms (DNFs) with 4 literals: | ( A⋀C⋀B⋀D) |  | CONJUCTIVE Normal Forms (CNFs) with 4 literals: | ( A) ⋀ ( C) ⋀ ( B) ⋀ ( D) |  |  | MINIMAL NORMAL FORMS : |  | ( A⋀C⋀B⋀D) | -------------------------------------------------------------------------------------- |
B|K2|n20|D	(B)⋀¬((A⋁B)⋀C)	true	SATISFIABLE	[[B, ¬C]]	DISJUNCTIVE  Normal Forms (DNFs) with 2 literals: | ( B⋀¬C) |  | CONJUCTIVE Normal Forms (CNFs) with 2 literals: | ( B) ⋀ ( ¬C) |  |  | MINIMAL NORMAL FORMS : |  | ( B⋀¬C) | -------------------------------------------------------------------------------------- |
B|K2|n20|O	(B)⋀((A⋁B)⋀C)	true	SATISFIABLE	[[B, C]]	DISJUNCTIVE  Normal Forms (DNFs) with 2 literals: | ( B⋀C) |  | CONJUCTIVE Normal Forms (CNFs) with 2 literals: | ( B) ⋀ ( C) |  |  | MINIMAL NORMAL FORMS : |  | ( B⋀C) | -------------------------------------------------------------------------------------- |
B|K2|n06|D	¬(A⋀B⋀C)	true	SATISFIABLE	[[¬A], [¬B], [¬C]]	DISJUNCTIVE  Normal Forms (DNFs) with 3 literals: | ( ¬A) ⋁ ( ¬B) ⋁ ( ¬C) |  | CONJUCTIVE Normal Forms (CNFs) with 3 literals: | ( ¬A⋁¬B⋁¬C) |  |  | MINIMAL NORMAL FORMS : |  | ( ¬A⋁¬B⋁¬C) | -------------------------------------------------------------------------------------- |
B|K2|n06|O	A⋀B⋀C	true	SATISFIABLE	[[A, B, C]]	DISJUNCTIVE  Normal Forms (DNFs) with 3 literals: | ( A⋀B⋀C) |  | CONJUCTIVE Normal Forms (CNFs) with 3 literals: | ( A) ⋀ ( B) ⋀ ( C) |  |  | MINIMAL NORMAL FORMS : |  | ( A⋀B⋀C) | -------------------------------------------------------------------------------------- |
B|K2|n10|D	¬(A⋀B⋀C⋀D)	true	SATISFIABLE	[[¬A], [¬B], [¬C], [¬D]]	DISJUNCTIVE  Normal Forms (DNFs) with 4 literals: | ( ¬A) ⋁ ( ¬B) ⋁ ( ¬C) ⋁ ( ¬D) |  | CONJUCTIVE Normal Forms (CNFs) with 4 literals: | ( ¬A⋁¬B⋁¬C⋁¬D) |  |  | MINIMAL NORMAL FORMS : |  | ( ¬A⋁¬B⋁¬C⋁¬D) | -------------------------------------------------------------------------------------- |
B|K2|n10|O	A⋀B⋀C⋀D	true	SATISFIABLE	[[A, B, C, D]]	DISJUNCTIVE  Normal Forms (DNFs) with 4 literals: | ( A⋀B⋀C⋀D) |  | CONJUCTIVE Normal Forms (CNFs) with 4 literals: | ( A) ⋀ ( B) ⋀ ( C) ⋀ ( D) |  |  | MINIMAL NORMAL FORMS : |  | ( A⋀B⋀C⋀D) | -------------------------------------------------------------------------------------- |
B|K2|n19|D	(A)⋀¬(A⋁B⋁C⋁D)	true	CONTRADICTION		
B|K2|n19|O	(A)⋀(A⋁B⋁C⋁D)	true	SATISFIABLE	[[A]]	DISJUNCTIVE  Normal Forms (DNFs) with 1 literals: | ( A) |  | CONJUCTIVE Normal Forms (CNFs) with 1 literals: | ( A) |  |  | MINIMAL NORMAL FORMS : |  | ( A) | -------------------------------------------------------------------------------------- |
B|K2|n07|D	¬(A⋀B⋀C)	true	SATISFIABLE	[[¬A], [¬B], [¬C]]	DISJUNCTIVE  Normal Forms (DNFs) with 3 literals: | ( ¬A) ⋁ ( ¬B) ⋁ ( ¬C) |  | CONJUCTIVE Normal Forms (CNFs) with 3 literals: | ( ¬A⋁¬B⋁¬C) |  |  | MINIMAL NORMAL FORMS : |  | ( ¬A⋁¬B⋁¬C) | -------------------------------------------------------------------------------------- |
B|K2|n07|O	A⋀B⋀C	true	SATISFIABLE	[[A, B, C]]	DISJUNCTIVE  Normal Forms (DNFs) with 3 literals: | ( A⋀B⋀C) |  | CONJUCTIVE Normal Forms (CNFs) with 3 literals: | ( A) ⋀ ( B) ⋀ ( C) |  |  | MINIMAL NORMAL FORMS : |  | ( A⋀B⋀C) | -------------------------------------------------------------------------------------- |
B|K3|n01|D	(¬C)⋀¬(A⋀B⋀C)	true	SATISFIABLE	[[¬C]]	DISJUNCTIVE  Normal Forms (DNFs) with 1 literals: | ( ¬C) |  | CONJUCTIVE Normal Forms (CNFs) with 1 literals: | ( ¬C) |  |  | MINIMAL NORMAL FORMS : |  | ( ¬C) | -------------------------------------------------------------------------------------- |
B|K3|n01|O	(¬C)⋀(A⋀B⋀C)	true	CONTRADICTION		
B|K3|n22|D	¬(A⋁B⋁C)	true	SATISFIABLE	[[¬A, ¬B, ¬C]]	DISJUNCTIVE  Normal Forms (DNFs) with 3 literals: | ( ¬A⋀¬B⋀¬C) |  | CONJUCTIVE Normal Forms (CNFs) with 3 literals: | ( ¬A) ⋀ ( ¬B) ⋀ ( ¬C) |  |  | MINIMAL NORMAL FORMS : |  | ( ¬A⋀¬B⋀¬C) | -------------------------------------------------------------------------------------- |
B|K3|n22|O	A⋁B⋁C	true	SATISFIABLE	[[A], [B], [C]]	DISJUNCTIVE  Normal Forms (DNFs) with 3 literals: | ( A) ⋁ ( B) ⋁ ( C) |  | CONJUCTIVE Normal Forms (CNFs) with 3 literals: | ( A⋁B⋁C) |  |  | MINIMAL NORMAL FORMS : |  | ( A⋁B⋁C) | -------------------------------------------------------------------------------------- |
B|K3|n23|D	(A)⋀¬(A⋁B)	true	CONTRADICTION		
B|K3|n23|O	(A)⋀(A⋁B)	true	SATISFIABLE	[[A]]	DISJUNCTIVE  Normal Forms (DNFs) with 1 literals: | ( A) |  | CONJUCTIVE Normal Forms (CNFs) with 1 literals: | ( A) |  |  | MINIMAL NORMAL FORMS : |  | ( A) | -------------------------------------------------------------------------------------- |
B|K3|n02|D	(A)⋀¬(A⋀B⋀C)	true	SATISFIABLE	[[A, ¬B], [A, ¬C]]	MINIMAL NORMAL FORMS : |  | ( A) ⋀ ( ¬B⋁¬C) | -------------------------------------------------------------------------------------- |
B|K3|n02|O	(A)⋀(A⋀B⋀C)	true	SATISFIABLE	[[A, B, C]]	DISJUNCTIVE  Normal Forms (DNFs) with 3 literals: | ( A⋀B⋀C) |  | CONJUCTIVE Normal Forms (CNFs) with 3 literals: | ( A) ⋀ ( B) ⋀ ( C) |  |  | MINIMAL NORMAL FORMS : |  | ( A⋀B⋀C) | -------------------------------------------------------------------------------------- |
B|K3|n12|D	¬(A⋀B⋀C⋀D)	true	SATISFIABLE	[[¬A], [¬B], [¬C], [¬D]]	DISJUNCTIVE  Normal Forms (DNFs) with 4 literals: | ( ¬A) ⋁ ( ¬B) ⋁ ( ¬C) ⋁ ( ¬D) |  | CONJUCTIVE Normal Forms (CNFs) with 4 literals: | ( ¬A⋁¬B⋁¬C⋁¬D) |  |  | MINIMAL NORMAL FORMS : |  | ( ¬A⋁¬B⋁¬C⋁¬D) | -------------------------------------------------------------------------------------- |
B|K3|n12|O	A⋀B⋀C⋀D	true	SATISFIABLE	[[A, B, C, D]]	DISJUNCTIVE  Normal Forms (DNFs) with 4 literals: | ( A⋀B⋀C⋀D) |  | CONJUCTIVE Normal Forms (CNFs) with 4 literals: | ( A) ⋀ ( B) ⋀ ( C) ⋀ ( D) |  |  | MINIMAL NORMAL FORMS : |  | ( A⋀B⋀C⋀D) | -------------------------------------------------------------------------------------- |
B|K3|n16|D	(¬A)⋀¬(A⋀B⋀C⋀D)	true	SATISFIABLE	[[¬A]]	DISJUNCTIVE  Normal Forms (DNFs) with 1 literals: | ( ¬A) |  | CONJUCTIVE Normal Forms (CNFs) with 1 literals: | ( ¬A) |  |  | MINIMAL NORMAL FORMS : |  | ( ¬A) | -------------------------------------------------------------------------------------- |
B|K3|n16|O	(¬A)⋀(A⋀B⋀C⋀D)	true	CONTRADICTION		
B|K3|n24|D	(¬A⋀B⋀C⋀D)⋀¬(A⋁B⋁C⋁D)	true	CONTRADICTION		
B|K3|n24|O	(¬A⋀B⋀C⋀D)⋀(A⋁B⋁C⋁D)	true	SATISFIABLE	[[¬A, B, C, D]]	DISJUNCTIVE  Normal Forms (DNFs) with 4 literals: | ( ¬A⋀B⋀C⋀D) |  | CONJUCTIVE Normal Forms (CNFs) with 4 literals: | ( ¬A) ⋀ ( B) ⋀ ( C) ⋀ ( D) |  |  | MINIMAL NORMAL FORMS : |  | ( ¬A⋀B⋀C⋀D) | -------------------------------------------------------------------------------------- |
B|K3|n25|D	¬(A⋁B⋁C⋁D)	true	SATISFIABLE	[[¬A, ¬B, ¬C, ¬D]]	DISJUNCTIVE  Normal Forms (DNFs) with 4 literals: | ( ¬A⋀¬B⋀¬C⋀¬D) |  | CONJUCTIVE Normal Forms (CNFs) with 4 literals: | ( ¬A) ⋀ ( ¬B) ⋀ ( ¬C) ⋀ ( ¬D) |  |  | MINIMAL NORMAL FORMS : |  | ( ¬A⋀¬B⋀¬C⋀¬D) | -------------------------------------------------------------------------------------- |
B|K3|n25|O	A⋁B⋁C⋁D	true	SATISFIABLE	[[A], [B], [C], [D]]	DISJUNCTIVE  Normal Forms (DNFs) with 4 literals: | ( A) ⋁ ( B) ⋁ ( C) ⋁ ( D) |  | CONJUCTIVE Normal Forms (CNFs) with 4 literals: | ( A⋁B⋁C⋁D) |  |  | MINIMAL NORMAL FORMS : |  | ( A⋁B⋁C⋁D) | -------------------------------------------------------------------------------------- |
B|K3|n03|D	(A⋀C)⋀¬((A⋁B)⋀C)	true	CONTRADICTION		
B|K3|n03|O	(A⋀C)⋀((A⋁B)⋀C)	true	SATISFIABLE	[[A, C]]	DISJUNCTIVE  Normal Forms (DNFs) with 2 literals: | ( A⋀C) |  | CONJUCTIVE Normal Forms (CNFs) with 2 literals: | ( A) ⋀ ( C) |  |  | MINIMAL NORMAL FORMS : |  | ( A⋀C) | -------------------------------------------------------------------------------------- |
B|K3|n05|D	(D)⋀¬(A⋀B⋀C⋀D)	true	SATISFIABLE	[[D, ¬A], [D, ¬B], [D, ¬C]]	MINIMAL NORMAL FORMS : |  | ( D) ⋀ ( ¬A⋁¬B⋁¬C) | -------------------------------------------------------------------------------------- |
B|K3|n05|O	(D)⋀(A⋀B⋀C⋀D)	true	SATISFIABLE	[[D, A, B, C]]	DISJUNCTIVE  Normal Forms (DNFs) with 4 literals: | ( D⋀A⋀B⋀C) |  | CONJUCTIVE Normal Forms (CNFs) with 4 literals: | ( D) ⋀ ( A) ⋀ ( B) ⋀ ( C) |  |  | MINIMAL NORMAL FORMS : |  | ( D⋀A⋀B⋀C) | -------------------------------------------------------------------------------------- |
B|K3|n09|D	¬(A⋀B⋀C⋀D)	true	SATISFIABLE	[[¬A], [¬B], [¬C], [¬D]]	DISJUNCTIVE  Normal Forms (DNFs) with 4 literals: | ( ¬A) ⋁ ( ¬B) ⋁ ( ¬C) ⋁ ( ¬D) |  | CONJUCTIVE Normal Forms (CNFs) with 4 literals: | ( ¬A⋁¬B⋁¬C⋁¬D) |  |  | MINIMAL NORMAL FORMS : |  | ( ¬A⋁¬B⋁¬C⋁¬D) | -------------------------------------------------------------------------------------- |
B|K3|n09|O	A⋀B⋀C⋀D	true	SATISFIABLE	[[A, B, C, D]]	DISJUNCTIVE  Normal Forms (DNFs) with 4 literals: | ( A⋀B⋀C⋀D) |  | CONJUCTIVE Normal Forms (CNFs) with 4 literals: | ( A) ⋀ ( B) ⋀ ( C) ⋀ ( D) |  |  | MINIMAL NORMAL FORMS : |  | ( A⋀B⋀C⋀D) | -------------------------------------------------------------------------------------- |
B|K3|n13|D	¬(A⋀B⋀C⋀D)	true	SATISFIABLE	[[¬A], [¬B], [¬C], [¬D]]	DISJUNCTIVE  Normal Forms (DNFs) with 4 literals: | ( ¬A) ⋁ ( ¬B) ⋁ ( ¬C) ⋁ ( ¬D) |  | CONJUCTIVE Normal Forms (CNFs) with 4 literals: | ( ¬A⋁¬B⋁¬C⋁¬D) |  |  | MINIMAL NORMAL FORMS : |  | ( ¬A⋁¬B⋁¬C⋁¬D) | -------------------------------------------------------------------------------------- |
B|K3|n13|O	A⋀B⋀C⋀D	true	SATISFIABLE	[[A, B, C, D]]	DISJUNCTIVE  Normal Forms (DNFs) with 4 literals: | ( A⋀B⋀C⋀D) |  | CONJUCTIVE Normal Forms (CNFs) with 4 literals: | ( A) ⋀ ( B) ⋀ ( C) ⋀ ( D) |  |  | MINIMAL NORMAL FORMS : |  | ( A⋀B⋀C⋀D) | -------------------------------------------------------------------------------------- |
B|K3|n14|D	(A⋀B)⋀¬(A⋀B⋀C)	true	SATISFIABLE	[[A, B, ¬C]]	DISJUNCTIVE  Normal Forms (DNFs) with 3 literals: | ( A⋀B⋀¬C) |  | CONJUCTIVE Normal Forms (CNFs) with 3 literals: | ( A) ⋀ ( B) ⋀ ( ¬C) |  |  | MINIMAL NORMAL FORMS : |  | ( A⋀B⋀¬C) | -------------------------------------------------------------------------------------- |
B|K3|n14|O	(A⋀B)⋀(A⋀B⋀C)	true	SATISFIABLE	[[A, B, C]]	DISJUNCTIVE  Normal Forms (DNFs) with 3 literals: | ( A⋀B⋀C) |  | CONJUCTIVE Normal Forms (CNFs) with 3 literals: | ( A) ⋀ ( B) ⋀ ( C) |  |  | MINIMAL NORMAL FORMS : |  | ( A⋀B⋀C) | -------------------------------------------------------------------------------------- |
B|K3|n18|D	(A⋀C)⋀¬(A⋀B⋀C⋀D)	true	SATISFIABLE	[[A, C, ¬B], [A, C, ¬D]]	MINIMAL NORMAL FORMS : |  | ( A) ⋀ ( C) ⋀ ( ¬B⋁¬D) | -------------------------------------------------------------------------------------- |
B|K3|n18|O	(A⋀C)⋀(A⋀B⋀C⋀D)	true	SATISFIABLE	[[A, C, B, D]]	DISJUNCTIVE  Normal Forms (DNFs) with 4 literals: | ( A⋀C⋀B⋀D) |  | CONJUCTIVE Normal Forms (CNFs) with 4 literals: | ( A) ⋀ ( C) ⋀ ( B) ⋀ ( D) |  |  | MINIMAL NORMAL FORMS : |  | ( A⋀C⋀B⋀D) | -------------------------------------------------------------------------------------- |
B|K3|n20|D	¬((A⋁B)⋀C)	true	SATISFIABLE	[[¬A, ¬B], [¬C]]	MINIMAL NORMAL FORMS : |  | ( ¬A⋀¬B) ⋁ ( ¬C) | -------------------------------------------------------------------------------------- |
B|K3|n20|O	(A⋁B)⋀C	true	SATISFIABLE	[[A, C], [B, C]]	MINIMAL NORMAL FORMS : |  | ( A⋁B) ⋀ ( C) | -------------------------------------------------------------------------------------- |
B|K3|n06|D	(C)⋀¬(A⋀B⋀C)	true	SATISFIABLE	[[C, ¬A], [C, ¬B]]	MINIMAL NORMAL FORMS : |  | ( C) ⋀ ( ¬A⋁¬B) | -------------------------------------------------------------------------------------- |
B|K3|n06|O	(C)⋀(A⋀B⋀C)	true	SATISFIABLE	[[C, A, B]]	DISJUNCTIVE  Normal Forms (DNFs) with 3 literals: | ( C⋀A⋀B) |  | CONJUCTIVE Normal Forms (CNFs) with 3 literals: | ( C) ⋀ ( A) ⋀ ( B) |  |  | MINIMAL NORMAL FORMS : |  | ( C⋀A⋀B) | -------------------------------------------------------------------------------------- |
B|K3|n10|D	¬(A⋀B⋀C⋀D)	true	SATISFIABLE	[[¬A], [¬B], [¬C], [¬D]]	DISJUNCTIVE  Normal Forms (DNFs) with 4 literals: | ( ¬A) ⋁ ( ¬B) ⋁ ( ¬C) ⋁ ( ¬D) |  | CONJUCTIVE Normal Forms (CNFs) with 4 literals: | ( ¬A⋁¬B⋁¬C⋁¬D) |  |  | MINIMAL NORMAL FORMS : |  | ( ¬A⋁¬B⋁¬C⋁¬D) | -------------------------------------------------------------------------------------- |
B|K3|n10|O	A⋀B⋀C⋀D	true	SATISFIABLE	[[A, B, C, D]]	DISJUNCTIVE  Normal Forms (DNFs) with 4 literals: | ( A⋀B⋀C⋀D) |  | CONJUCTIVE Normal Forms (CNFs) with 4 literals: | ( A) ⋀ ( B) ⋀ ( C) ⋀ ( D) |  |  | MINIMAL NORMAL FORMS : |  | ( A⋀B⋀C⋀D) | -------------------------------------------------------------------------------------- |
B|K3|n19|D	(C)⋀¬(A⋁B⋁C⋁D)	true	CONTRADICTION		
B|K3|n19|O	(C)⋀(A⋁B⋁C⋁D)	true	SATISFIABLE	[[C]]	DISJUNCTIVE  Normal Forms (DNFs) with 1 literals: | ( C) |  | CONJUCTIVE Normal Forms (CNFs) with 1 literals: | ( C) |  |  | MINIMAL NORMAL FORMS : |  | ( C) | -------------------------------------------------------------------------------------- |
B|K3|n07|D	(A⋀C)⋀¬(A⋀B⋀C)	true	SATISFIABLE	[[A, C, ¬B]]	DISJUNCTIVE  Normal Forms (DNFs) with 3 literals: | ( A⋀C⋀¬B) |  | CONJUCTIVE Normal Forms (CNFs) with 3 literals: | ( A) ⋀ ( C) ⋀ ( ¬B) |  |  | MINIMAL NORMAL FORMS : |  | ( A⋀C⋀¬B) | -------------------------------------------------------------------------------------- |
B|K3|n07|O	(A⋀C)⋀(A⋀B⋀C)	true	SATISFIABLE	[[A, C, B]]	DISJUNCTIVE  Normal Forms (DNFs) with 3 literals: | ( A⋀C⋀B) |  | CONJUCTIVE Normal Forms (CNFs) with 3 literals: | ( A) ⋀ ( C) ⋀ ( B) |  |  | MINIMAL NORMAL FORMS : |  | ( A⋀C⋀B) | -------------------------------------------------------------------------------------- |
B|K4|n01|D	(¬C)⋀¬(A⋀B⋀C)	true	SATISFIABLE	[[¬C]]	DISJUNCTIVE  Normal Forms (DNFs) with 1 literals: | ( ¬C) |  | CONJUCTIVE Normal Forms (CNFs) with 1 literals: | ( ¬C) |  |  | MINIMAL NORMAL FORMS : |  | ( ¬C) | -------------------------------------------------------------------------------------- |
B|K4|n01|O	(¬C)⋀(A⋀B⋀C)	true	CONTRADICTION		
B|K4|n22|D	¬(A⋁B⋁C)	true	SATISFIABLE	[[¬A, ¬B, ¬C]]	DISJUNCTIVE  Normal Forms (DNFs) with 3 literals: | ( ¬A⋀¬B⋀¬C) |  | CONJUCTIVE Normal Forms (CNFs) with 3 literals: | ( ¬A) ⋀ ( ¬B) ⋀ ( ¬C) |  |  | MINIMAL NORMAL FORMS : |  | ( ¬A⋀¬B⋀¬C) | -------------------------------------------------------------------------------------- |
B|K4|n22|O	A⋁B⋁C	true	SATISFIABLE	[[A], [B], [C]]	DISJUNCTIVE  Normal Forms (DNFs) with 3 literals: | ( A) ⋁ ( B) ⋁ ( C) |  | CONJUCTIVE Normal Forms (CNFs) with 3 literals: | ( A⋁B⋁C) |  |  | MINIMAL NORMAL FORMS : |  | ( A⋁B⋁C) | -------------------------------------------------------------------------------------- |
B|K4|n23|D	(A)⋀¬(A⋁B)	true	CONTRADICTION		
B|K4|n23|O	(A)⋀(A⋁B)	true	SATISFIABLE	[[A]]	DISJUNCTIVE  Normal Forms (DNFs) with 1 literals: | ( A) |  | CONJUCTIVE Normal Forms (CNFs) with 1 literals: | ( A) |  |  | MINIMAL NORMAL FORMS : |  | ( A) | -------------------------------------------------------------------------------------- |
B|K4|n02|D	¬(A⋀B⋀C)	true	SATISFIABLE	[[¬A], [¬B], [¬C]]	DISJUNCTIVE  Normal Forms (DNFs) with 3 literals: | ( ¬A) ⋁ ( ¬B) ⋁ ( ¬C) |  | CONJUCTIVE Normal Forms (CNFs) with 3 literals: | ( ¬A⋁¬B⋁¬C) |  |  | MINIMAL NORMAL FORMS : |  | ( ¬A⋁¬B⋁¬C) | -------------------------------------------------------------------------------------- |
B|K4|n02|O	A⋀B⋀C	true	SATISFIABLE	[[A, B, C]]	DISJUNCTIVE  Normal Forms (DNFs) with 3 literals: | ( A⋀B⋀C) |  | CONJUCTIVE Normal Forms (CNFs) with 3 literals: | ( A) ⋀ ( B) ⋀ ( C) |  |  | MINIMAL NORMAL FORMS : |  | ( A⋀B⋀C) | -------------------------------------------------------------------------------------- |
B|K4|n12|D	¬(A⋀B⋀C⋀D)	true	SATISFIABLE	[[¬A], [¬B], [¬C], [¬D]]	DISJUNCTIVE  Normal Forms (DNFs) with 4 literals: | ( ¬A) ⋁ ( ¬B) ⋁ ( ¬C) ⋁ ( ¬D) |  | CONJUCTIVE Normal Forms (CNFs) with 4 literals: | ( ¬A⋁¬B⋁¬C⋁¬D) |  |  | MINIMAL NORMAL FORMS : |  | ( ¬A⋁¬B⋁¬C⋁¬D) | -------------------------------------------------------------------------------------- |
B|K4|n12|O	A⋀B⋀C⋀D	true	SATISFIABLE	[[A, B, C, D]]	DISJUNCTIVE  Normal Forms (DNFs) with 4 literals: | ( A⋀B⋀C⋀D) |  | CONJUCTIVE Normal Forms (CNFs) with 4 literals: | ( A) ⋀ ( B) ⋀ ( C) ⋀ ( D) |  |  | MINIMAL NORMAL FORMS : |  | ( A⋀B⋀C⋀D) | -------------------------------------------------------------------------------------- |
B|K4|n16|D	(¬A⋀B)⋀¬(A⋀B⋀C⋀D)	true	SATISFIABLE	[[¬A, B]]	DISJUNCTIVE  Normal Forms (DNFs) with 2 literals: | ( ¬A⋀B) |  | CONJUCTIVE Normal Forms (CNFs) with 2 literals: | ( ¬A) ⋀ ( B) |  |  | MINIMAL NORMAL FORMS : |  | ( ¬A⋀B) | -------------------------------------------------------------------------------------- |
B|K4|n16|O	(¬A⋀B)⋀(A⋀B⋀C⋀D)	true	CONTRADICTION		
B|K4|n24|D	(A⋀¬D)⋀¬(A⋁B⋁C⋁D)	true	CONTRADICTION		
B|K4|n24|O	(A⋀¬D)⋀(A⋁B⋁C⋁D)	true	SATISFIABLE	[[A, ¬D]]	DISJUNCTIVE  Normal Forms (DNFs) with 2 literals: | ( A⋀¬D) |  | CONJUCTIVE Normal Forms (CNFs) with 2 literals: | ( A) ⋀ ( ¬D) |  |  | MINIMAL NORMAL FORMS : |  | ( A⋀¬D) | -------------------------------------------------------------------------------------- |
B|K4|n25|D	¬(A⋁B⋁C⋁D)	true	SATISFIABLE	[[¬A, ¬B, ¬C, ¬D]]	DISJUNCTIVE  Normal Forms (DNFs) with 4 literals: | ( ¬A⋀¬B⋀¬C⋀¬D) |  | CONJUCTIVE Normal Forms (CNFs) with 4 literals: | ( ¬A) ⋀ ( ¬B) ⋀ ( ¬C) ⋀ ( ¬D) |  |  | MINIMAL NORMAL FORMS : |  | ( ¬A⋀¬B⋀¬C⋀¬D) | -------------------------------------------------------------------------------------- |
B|K4|n25|O	A⋁B⋁C⋁D	true	SATISFIABLE	[[A], [B], [C], [D]]	DISJUNCTIVE  Normal Forms (DNFs) with 4 literals: | ( A) ⋁ ( B) ⋁ ( C) ⋁ ( D) |  | CONJUCTIVE Normal Forms (CNFs) with 4 literals: | ( A⋁B⋁C⋁D) |  |  | MINIMAL NORMAL FORMS : |  | ( A⋁B⋁C⋁D) | -------------------------------------------------------------------------------------- |
B|K4|n03|D	(A⋀B)⋀¬((A⋁B)⋀C)	true	SATISFIABLE	[[A, B, ¬C]]	DISJUNCTIVE  Normal Forms (DNFs) with 3 literals: | ( A⋀B⋀¬C) |  | CONJUCTIVE Normal Forms (CNFs) with 3 literals: | ( A) ⋀ ( B) ⋀ ( ¬C) |  |  | MINIMAL NORMAL FORMS : |  | ( A⋀B⋀¬C) | -------------------------------------------------------------------------------------- |
B|K4|n03|O	(A⋀B)⋀((A⋁B)⋀C)	true	SATISFIABLE	[[A, B, C]]	DISJUNCTIVE  Normal Forms (DNFs) with 3 literals: | ( A⋀B⋀C) |  | CONJUCTIVE Normal Forms (CNFs) with 3 literals: | ( A) ⋀ ( B) ⋀ ( C) |  |  | MINIMAL NORMAL FORMS : |  | ( A⋀B⋀C) | -------------------------------------------------------------------------------------- |
B|K4|n05|D	(A)⋀¬(A⋀B⋀C⋀D)	true	SATISFIABLE	[[A, ¬B], [A, ¬C], [A, ¬D]]	MINIMAL NORMAL FORMS : |  | ( A) ⋀ ( ¬B⋁¬C⋁¬D) | -------------------------------------------------------------------------------------- |
B|K4|n05|O	(A)⋀(A⋀B⋀C⋀D)	true	SATISFIABLE	[[A, B, C, D]]	DISJUNCTIVE  Normal Forms (DNFs) with 4 literals: | ( A⋀B⋀C⋀D) |  | CONJUCTIVE Normal Forms (CNFs) with 4 literals: | ( A) ⋀ ( B) ⋀ ( C) ⋀ ( D) |  |  | MINIMAL NORMAL FORMS : |  | ( A⋀B⋀C⋀D) | -------------------------------------------------------------------------------------- |
B|K4|n09|D	¬(A⋀B⋀C⋀D)	true	SATISFIABLE	[[¬A], [¬B], [¬C], [¬D]]	DISJUNCTIVE  Normal Forms (DNFs) with 4 literals: | ( ¬A) ⋁ ( ¬B) ⋁ ( ¬C) ⋁ ( ¬D) |  | CONJUCTIVE Normal Forms (CNFs) with 4 literals: | ( ¬A⋁¬B⋁¬C⋁¬D) |  |  | MINIMAL NORMAL FORMS : |  | ( ¬A⋁¬B⋁¬C⋁¬D) | -------------------------------------------------------------------------------------- |
B|K4|n09|O	A⋀B⋀C⋀D	true	SATISFIABLE	[[A, B, C, D]]	DISJUNCTIVE  Normal Forms (DNFs) with 4 literals: | ( A⋀B⋀C⋀D) |  | CONJUCTIVE Normal Forms (CNFs) with 4 literals: | ( A) ⋀ ( B) ⋀ ( C) ⋀ ( D) |  |  | MINIMAL NORMAL FORMS : |  | ( A⋀B⋀C⋀D) | -------------------------------------------------------------------------------------- |
B|K4|n13|D	(A⋀C)⋀¬(A⋀B⋀C⋀D)	true	SATISFIABLE	[[A, C, ¬B], [A, C, ¬D]]	MINIMAL NORMAL FORMS : |  | ( A) ⋀ ( C) ⋀ ( ¬B⋁¬D) | -------------------------------------------------------------------------------------- |
B|K4|n13|O	(A⋀C)⋀(A⋀B⋀C⋀D)	true	SATISFIABLE	[[A, C, B, D]]	DISJUNCTIVE  Normal Forms (DNFs) with 4 literals: | ( A⋀C⋀B⋀D) |  | CONJUCTIVE Normal Forms (CNFs) with 4 literals: | ( A) ⋀ ( C) ⋀ ( B) ⋀ ( D) |  |  | MINIMAL NORMAL FORMS : |  | ( A⋀C⋀B⋀D) | -------------------------------------------------------------------------------------- |
B|K4|n14|D	(A⋀B)⋀¬(A⋀B⋀C)	true	SATISFIABLE	[[A, B, ¬C]]	DISJUNCTIVE  Normal Forms (DNFs) with 3 literals: | ( A⋀B⋀¬C) |  | CONJUCTIVE Normal Forms (CNFs) with 3 literals: | ( A) ⋀ ( B) ⋀ ( ¬C) |  |  | MINIMAL NORMAL FORMS : |  | ( A⋀B⋀¬C) | -------------------------------------------------------------------------------------- |
B|K4|n14|O	(A⋀B)⋀(A⋀B⋀C)	true	SATISFIABLE	[[A, B, C]]	DISJUNCTIVE  Normal Forms (DNFs) with 3 literals: | ( A⋀B⋀C) |  | CONJUCTIVE Normal Forms (CNFs) with 3 literals: | ( A) ⋀ ( B) ⋀ ( C) |  |  | MINIMAL NORMAL FORMS : |  | ( A⋀B⋀C) | -------------------------------------------------------------------------------------- |
B|K4|n18|D	(A⋀B⋀C)⋀¬(A⋀B⋀C⋀D)	true	SATISFIABLE	[[A, B, C, ¬D]]	DISJUNCTIVE  Normal Forms (DNFs) with 4 literals: | ( A⋀B⋀C⋀¬D) |  | CONJUCTIVE Normal Forms (CNFs) with 4 literals: | ( A) ⋀ ( B) ⋀ ( C) ⋀ ( ¬D) |  |  | MINIMAL NORMAL FORMS : |  | ( A⋀B⋀C⋀¬D) | -------------------------------------------------------------------------------------- |
B|K4|n18|O	(A⋀B⋀C)⋀(A⋀B⋀C⋀D)	true	SATISFIABLE	[[A, B, C, D]]	DISJUNCTIVE  Normal Forms (DNFs) with 4 literals: | ( A⋀B⋀C⋀D) |  | CONJUCTIVE Normal Forms (CNFs) with 4 literals: | ( A) ⋀ ( B) ⋀ ( C) ⋀ ( D) |  |  | MINIMAL NORMAL FORMS : |  | ( A⋀B⋀C⋀D) | -------------------------------------------------------------------------------------- |
B|K4|n20|D	¬((A⋁B)⋀C)	true	SATISFIABLE	[[¬A, ¬B], [¬C]]	MINIMAL NORMAL FORMS : |  | ( ¬A⋀¬B) ⋁ ( ¬C) | -------------------------------------------------------------------------------------- |
B|K4|n20|O	(A⋁B)⋀C	true	SATISFIABLE	[[A, C], [B, C]]	MINIMAL NORMAL FORMS : |  | ( A⋁B) ⋀ ( C) | -------------------------------------------------------------------------------------- |
B|K4|n06|D	¬(A⋀B⋀C)	true	SATISFIABLE	[[¬A], [¬B], [¬C]]	DISJUNCTIVE  Normal Forms (DNFs) with 3 literals: | ( ¬A) ⋁ ( ¬B) ⋁ ( ¬C) |  | CONJUCTIVE Normal Forms (CNFs) with 3 literals: | ( ¬A⋁¬B⋁¬C) |  |  | MINIMAL NORMAL FORMS : |  | ( ¬A⋁¬B⋁¬C) | -------------------------------------------------------------------------------------- |
B|K4|n06|O	A⋀B⋀C	true	SATISFIABLE	[[A, B, C]]	DISJUNCTIVE  Normal Forms (DNFs) with 3 literals: | ( A⋀B⋀C) |  | CONJUCTIVE Normal Forms (CNFs) with 3 literals: | ( A) ⋀ ( B) ⋀ ( C) |  |  | MINIMAL NORMAL FORMS : |  | ( A⋀B⋀C) | -------------------------------------------------------------------------------------- |
B|K4|n10|D	¬(A⋀B⋀C⋀D)	true	SATISFIABLE	[[¬A], [¬B], [¬C], [¬D]]	DISJUNCTIVE  Normal Forms (DNFs) with 4 literals: | ( ¬A) ⋁ ( ¬B) ⋁ ( ¬C) ⋁ ( ¬D) |  | CONJUCTIVE Normal Forms (CNFs) with 4 literals: | ( ¬A⋁¬B⋁¬C⋁¬D) |  |  | MINIMAL NORMAL FORMS : |  | ( ¬A⋁¬B⋁¬C⋁¬D) | -------------------------------------------------------------------------------------- |
B|K4|n10|O	A⋀B⋀C⋀D	true	SATISFIABLE	[[A, B, C, D]]	DISJUNCTIVE  Normal Forms (DNFs) with 4 literals: | ( A⋀B⋀C⋀D) |  | CONJUCTIVE Normal Forms (CNFs) with 4 literals: | ( A) ⋀ ( B) ⋀ ( C) ⋀ ( D) |  |  | MINIMAL NORMAL FORMS : |  | ( A⋀B⋀C⋀D) | -------------------------------------------------------------------------------------- |
B|K4|n19|D	(C)⋀¬(A⋁B⋁C⋁D)	true	CONTRADICTION		
B|K4|n19|O	(C)⋀(A⋁B⋁C⋁D)	true	SATISFIABLE	[[C]]	DISJUNCTIVE  Normal Forms (DNFs) with 1 literals: | ( C) |  | CONJUCTIVE Normal Forms (CNFs) with 1 literals: | ( C) |  |  | MINIMAL NORMAL FORMS : |  | ( C) | -------------------------------------------------------------------------------------- |
B|K4|n07|D	¬(A⋀B⋀C)	true	SATISFIABLE	[[¬A], [¬B], [¬C]]	DISJUNCTIVE  Normal Forms (DNFs) with 3 literals: | ( ¬A) ⋁ ( ¬B) ⋁ ( ¬C) |  | CONJUCTIVE Normal Forms (CNFs) with 3 literals: | ( ¬A⋁¬B⋁¬C) |  |  | MINIMAL NORMAL FORMS : |  | ( ¬A⋁¬B⋁¬C) | -------------------------------------------------------------------------------------- |
B|K4|n07|O	A⋀B⋀C	true	SATISFIABLE	[[A, B, C]]	DISJUNCTIVE  Normal Forms (DNFs) with 3 literals: | ( A⋀B⋀C) |  | CONJUCTIVE Normal Forms (CNFs) with 3 literals: | ( A) ⋀ ( B) ⋀ ( C) |  |  | MINIMAL NORMAL FORMS : |  | ( A⋀B⋀C) | -------------------------------------------------------------------------------------- |
B|K5|n01|D	(¬C)⋀¬(A⋀B⋀C)	true	SATISFIABLE	[[¬C]]	DISJUNCTIVE  Normal Forms (DNFs) with 1 literals: | ( ¬C) |  | CONJUCTIVE Normal Forms (CNFs) with 1 literals: | ( ¬C) |  |  | MINIMAL NORMAL FORMS : |  | ( ¬C) | -------------------------------------------------------------------------------------- |
B|K5|n01|O	(¬C)⋀(A⋀B⋀C)	true	CONTRADICTION		
B|K5|n22|D	¬(A⋁B⋁C)	true	SATISFIABLE	[[¬A, ¬B, ¬C]]	DISJUNCTIVE  Normal Forms (DNFs) with 3 literals: | ( ¬A⋀¬B⋀¬C) |  | CONJUCTIVE Normal Forms (CNFs) with 3 literals: | ( ¬A) ⋀ ( ¬B) ⋀ ( ¬C) |  |  | MINIMAL NORMAL FORMS : |  | ( ¬A⋀¬B⋀¬C) | -------------------------------------------------------------------------------------- |
B|K5|n22|O	A⋁B⋁C	true	SATISFIABLE	[[A], [B], [C]]	DISJUNCTIVE  Normal Forms (DNFs) with 3 literals: | ( A) ⋁ ( B) ⋁ ( C) |  | CONJUCTIVE Normal Forms (CNFs) with 3 literals: | ( A⋁B⋁C) |  |  | MINIMAL NORMAL FORMS : |  | ( A⋁B⋁C) | -------------------------------------------------------------------------------------- |
B|K5|n23|D	¬(A⋁B)	true	SATISFIABLE	[[¬A, ¬B]]	DISJUNCTIVE  Normal Forms (DNFs) with 2 literals: | ( ¬A⋀¬B) |  | CONJUCTIVE Normal Forms (CNFs) with 2 literals: | ( ¬A) ⋀ ( ¬B) |  |  | MINIMAL NORMAL FORMS : |  | ( ¬A⋀¬B) | -------------------------------------------------------------------------------------- |
B|K5|n23|O	A⋁B	true	SATISFIABLE	[[A], [B]]	DISJUNCTIVE  Normal Forms (DNFs) with 2 literals: | ( A) ⋁ ( B) |  | CONJUCTIVE Normal Forms (CNFs) with 2 literals: | ( A⋁B) |  |  | MINIMAL NORMAL FORMS : |  | ( A⋁B) | -------------------------------------------------------------------------------------- |
B|K5|n02|D	¬(A⋀B⋀C)	true	SATISFIABLE	[[¬A], [¬B], [¬C]]	DISJUNCTIVE  Normal Forms (DNFs) with 3 literals: | ( ¬A) ⋁ ( ¬B) ⋁ ( ¬C) |  | CONJUCTIVE Normal Forms (CNFs) with 3 literals: | ( ¬A⋁¬B⋁¬C) |  |  | MINIMAL NORMAL FORMS : |  | ( ¬A⋁¬B⋁¬C) | -------------------------------------------------------------------------------------- |
B|K5|n02|O	A⋀B⋀C	true	SATISFIABLE	[[A, B, C]]	DISJUNCTIVE  Normal Forms (DNFs) with 3 literals: | ( A⋀B⋀C) |  | CONJUCTIVE Normal Forms (CNFs) with 3 literals: | ( A) ⋀ ( B) ⋀ ( C) |  |  | MINIMAL NORMAL FORMS : |  | ( A⋀B⋀C) | -------------------------------------------------------------------------------------- |
B|K5|n12|D	¬(A⋀B⋀C⋀D)	true	SATISFIABLE	[[¬A], [¬B], [¬C], [¬D]]	DISJUNCTIVE  Normal Forms (DNFs) with 4 literals: | ( ¬A) ⋁ ( ¬B) ⋁ ( ¬C) ⋁ ( ¬D) |  | CONJUCTIVE Normal Forms (CNFs) with 4 literals: | ( ¬A⋁¬B⋁¬C⋁¬D) |  |  | MINIMAL NORMAL FORMS : |  | ( ¬A⋁¬B⋁¬C⋁¬D) | -------------------------------------------------------------------------------------- |
B|K5|n12|O	A⋀B⋀C⋀D	true	SATISFIABLE	[[A, B, C, D]]	DISJUNCTIVE  Normal Forms (DNFs) with 4 literals: | ( A⋀B⋀C⋀D) |  | CONJUCTIVE Normal Forms (CNFs) with 4 literals: | ( A) ⋀ ( B) ⋀ ( C) ⋀ ( D) |  |  | MINIMAL NORMAL FORMS : |  | ( A⋀B⋀C⋀D) | -------------------------------------------------------------------------------------- |
B|K5|n16|D	(¬A⋀¬C)⋀¬(A⋀B⋀C⋀D)	true	SATISFIABLE	[[¬A, ¬C]]	DISJUNCTIVE  Normal Forms (DNFs) with 2 literals: | ( ¬A⋀¬C) |  | CONJUCTIVE Normal Forms (CNFs) with 2 literals: | ( ¬A) ⋀ ( ¬C) |  |  | MINIMAL NORMAL FORMS : |  | ( ¬A⋀¬C) | -------------------------------------------------------------------------------------- |
B|K5|n16|O	(¬A⋀¬C)⋀(A⋀B⋀C⋀D)	true	CONTRADICTION		
B|K5|n24|D	(¬A)⋀¬(A⋁B⋁C⋁D)	true	SATISFIABLE	[[¬A, ¬B, ¬C, ¬D]]	DISJUNCTIVE  Normal Forms (DNFs) with 4 literals: | ( ¬A⋀¬B⋀¬C⋀¬D) |  | CONJUCTIVE Normal Forms (CNFs) with 4 literals: | ( ¬A) ⋀ ( ¬B) ⋀ ( ¬C) ⋀ ( ¬D) |  |  | MINIMAL NORMAL FORMS : |  | ( ¬A⋀¬B⋀¬C⋀¬D) | -------------------------------------------------------------------------------------- |
B|K5|n24|O	(¬A)⋀(A⋁B⋁C⋁D)	true	SATISFIABLE	[[¬A, B], [¬A, C], [¬A, D]]	MINIMAL NORMAL FORMS : |  | ( ¬A) ⋀ ( B⋁C⋁D) | -------------------------------------------------------------------------------------- |
B|K5|n25|D	¬(A⋁B⋁C⋁D)	true	SATISFIABLE	[[¬A, ¬B, ¬C, ¬D]]	DISJUNCTIVE  Normal Forms (DNFs) with 4 literals: | ( ¬A⋀¬B⋀¬C⋀¬D) |  | CONJUCTIVE Normal Forms (CNFs) with 4 literals: | ( ¬A) ⋀ ( ¬B) ⋀ ( ¬C) ⋀ ( ¬D) |  |  | MINIMAL NORMAL FORMS : |  | ( ¬A⋀¬B⋀¬C⋀¬D) | -------------------------------------------------------------------------------------- |
B|K5|n25|O	A⋁B⋁C⋁D	true	SATISFIABLE	[[A], [B], [C], [D]]	DISJUNCTIVE  Normal Forms (DNFs) with 4 literals: | ( A) ⋁ ( B) ⋁ ( C) ⋁ ( D) |  | CONJUCTIVE Normal Forms (CNFs) with 4 literals: | ( A⋁B⋁C⋁D) |  |  | MINIMAL NORMAL FORMS : |  | ( A⋁B⋁C⋁D) | -------------------------------------------------------------------------------------- |
B|K5|n03|D	(A)⋀¬((A⋁B)⋀C)	true	SATISFIABLE	[[A, ¬C]]	DISJUNCTIVE  Normal Forms (DNFs) with 2 literals: | ( A⋀¬C) |  | CONJUCTIVE Normal Forms (CNFs) with 2 literals: | ( A) ⋀ ( ¬C) |  |  | MINIMAL NORMAL FORMS : |  | ( A⋀¬C) | -------------------------------------------------------------------------------------- |
B|K5|n03|O	(A)⋀((A⋁B)⋀C)	true	SATISFIABLE	[[A, C]]	DISJUNCTIVE  Normal Forms (DNFs) with 2 literals: | ( A⋀C) |  | CONJUCTIVE Normal Forms (CNFs) with 2 literals: | ( A) ⋀ ( C) |  |  | MINIMAL NORMAL FORMS : |  | ( A⋀C) | -------------------------------------------------------------------------------------- |
B|K5|n05|D	(C⋀D)⋀¬(A⋀B⋀C⋀D)	true	SATISFIABLE	[[C, D, ¬A], [C, D, ¬B]]	MINIMAL NORMAL FORMS : |  | ( C) ⋀ ( D) ⋀ ( ¬A⋁¬B) | -------------------------------------------------------------------------------------- |
B|K5|n05|O	(C⋀D)⋀(A⋀B⋀C⋀D)	true	SATISFIABLE	[[C, D, A, B]]	DISJUNCTIVE  Normal Forms (DNFs) with 4 literals: | ( C⋀D⋀A⋀B) |  | CONJUCTIVE Normal Forms (CNFs) with 4 literals: | ( C) ⋀ ( D) ⋀ ( A) ⋀ ( B) |  |  | MINIMAL NORMAL FORMS : |  | ( C⋀D⋀A⋀B) | -------------------------------------------------------------------------------------- |
B|K5|n09|D	¬(A⋀B⋀C⋀D)	true	SATISFIABLE	[[¬A], [¬B], [¬C], [¬D]]	DISJUNCTIVE  Normal Forms (DNFs) with 4 literals: | ( ¬A) ⋁ ( ¬B) ⋁ ( ¬C) ⋁ ( ¬D) |  | CONJUCTIVE Normal Forms (CNFs) with 4 literals: | ( ¬A⋁¬B⋁¬C⋁¬D) |  |  | MINIMAL NORMAL FORMS : |  | ( ¬A⋁¬B⋁¬C⋁¬D) | -------------------------------------------------------------------------------------- |
B|K5|n09|O	A⋀B⋀C⋀D	true	SATISFIABLE	[[A, B, C, D]]	DISJUNCTIVE  Normal Forms (DNFs) with 4 literals: | ( A⋀B⋀C⋀D) |  | CONJUCTIVE Normal Forms (CNFs) with 4 literals: | ( A) ⋀ ( B) ⋀ ( C) ⋀ ( D) |  |  | MINIMAL NORMAL FORMS : |  | ( A⋀B⋀C⋀D) | -------------------------------------------------------------------------------------- |
B|K5|n13|D	¬(A⋀B⋀C⋀D)	true	SATISFIABLE	[[¬A], [¬B], [¬C], [¬D]]	DISJUNCTIVE  Normal Forms (DNFs) with 4 literals: | ( ¬A) ⋁ ( ¬B) ⋁ ( ¬C) ⋁ ( ¬D) |  | CONJUCTIVE Normal Forms (CNFs) with 4 literals: | ( ¬A⋁¬B⋁¬C⋁¬D) |  |  | MINIMAL NORMAL FORMS : |  | ( ¬A⋁¬B⋁¬C⋁¬D) | -------------------------------------------------------------------------------------- |
B|K5|n13|O	A⋀B⋀C⋀D	true	SATISFIABLE	[[A, B, C, D]]	DISJUNCTIVE  Normal Forms (DNFs) with 4 literals: | ( A⋀B⋀C⋀D) |  | CONJUCTIVE Normal Forms (CNFs) with 4 literals: | ( A) ⋀ ( B) ⋀ ( C) ⋀ ( D) |  |  | MINIMAL NORMAL FORMS : |  | ( A⋀B⋀C⋀D) | -------------------------------------------------------------------------------------- |
B|K5|n14|D	¬(A⋀B⋀C)	true	SATISFIABLE	[[¬A], [¬B], [¬C]]	DISJUNCTIVE  Normal Forms (DNFs) with 3 literals: | ( ¬A) ⋁ ( ¬B) ⋁ ( ¬C) |  | CONJUCTIVE Normal Forms (CNFs) with 3 literals: | ( ¬A⋁¬B⋁¬C) |  |  | MINIMAL NORMAL FORMS : |  | ( ¬A⋁¬B⋁¬C) | -------------------------------------------------------------------------------------- |
B|K5|n14|O	A⋀B⋀C	true	SATISFIABLE	[[A, B, C]]	DISJUNCTIVE  Normal Forms (DNFs) with 3 literals: | ( A⋀B⋀C) |  | CONJUCTIVE Normal Forms (CNFs) with 3 literals: | ( A) ⋀ ( B) ⋀ ( C) |  |  | MINIMAL NORMAL FORMS : |  | ( A⋀B⋀C) | -------------------------------------------------------------------------------------- |
B|K5|n18|D	(¬A⋀C)⋀¬(A⋀B⋀C⋀D)	true	SATISFIABLE	[[¬A, C]]	DISJUNCTIVE  Normal Forms (DNFs) with 2 literals: | ( ¬A⋀C) |  | CONJUCTIVE Normal Forms (CNFs) with 2 literals: | ( ¬A) ⋀ ( C) |  |  | MINIMAL NORMAL FORMS : |  | ( ¬A⋀C) | -------------------------------------------------------------------------------------- |
B|K5|n18|O	(¬A⋀C)⋀(A⋀B⋀C⋀D)	true	CONTRADICTION		
B|K5|n20|D	¬((A⋁B)⋀C)	true	SATISFIABLE	[[¬A, ¬B], [¬C]]	MINIMAL NORMAL FORMS : |  | ( ¬A⋀¬B) ⋁ ( ¬C) | -------------------------------------------------------------------------------------- |
B|K5|n20|O	(A⋁B)⋀C	true	SATISFIABLE	[[A, C], [B, C]]	MINIMAL NORMAL FORMS : |  | ( A⋁B) ⋀ ( C) | -------------------------------------------------------------------------------------- |
B|K5|n06|D	¬(A⋀B⋀C)	true	SATISFIABLE	[[¬A], [¬B], [¬C]]	DISJUNCTIVE  Normal Forms (DNFs) with 3 literals: | ( ¬A) ⋁ ( ¬B) ⋁ ( ¬C) |  | CONJUCTIVE Normal Forms (CNFs) with 3 literals: | ( ¬A⋁¬B⋁¬C) |  |  | MINIMAL NORMAL FORMS : |  | ( ¬A⋁¬B⋁¬C) | -------------------------------------------------------------------------------------- |
B|K5|n06|O	A⋀B⋀C	true	SATISFIABLE	[[A, B, C]]	DISJUNCTIVE  Normal Forms (DNFs) with 3 literals: | ( A⋀B⋀C) |  | CONJUCTIVE Normal Forms (CNFs) with 3 literals: | ( A) ⋀ ( B) ⋀ ( C) |  |  | MINIMAL NORMAL FORMS : |  | ( A⋀B⋀C) | -------------------------------------------------------------------------------------- |
B|K5|n10|D	¬(A⋀B⋀C⋀D)	true	SATISFIABLE	[[¬A], [¬B], [¬C], [¬D]]	DISJUNCTIVE  Normal Forms (DNFs) with 4 literals: | ( ¬A) ⋁ ( ¬B) ⋁ ( ¬C) ⋁ ( ¬D) |  | CONJUCTIVE Normal Forms (CNFs) with 4 literals: | ( ¬A⋁¬B⋁¬C⋁¬D) |  |  | MINIMAL NORMAL FORMS : |  | ( ¬A⋁¬B⋁¬C⋁¬D) | -------------------------------------------------------------------------------------- |
B|K5|n10|O	A⋀B⋀C⋀D	true	SATISFIABLE	[[A, B, C, D]]	DISJUNCTIVE  Normal Forms (DNFs) with 4 literals: | ( A⋀B⋀C⋀D) |  | CONJUCTIVE Normal Forms (CNFs) with 4 literals: | ( A) ⋀ ( B) ⋀ ( C) ⋀ ( D) |  |  | MINIMAL NORMAL FORMS : |  | ( A⋀B⋀C⋀D) | -------------------------------------------------------------------------------------- |
B|K5|n19|D	(A⋀B)⋀¬(A⋁B⋁C⋁D)	true	CONTRADICTION		
B|K5|n19|O	(A⋀B)⋀(A⋁B⋁C⋁D)	true	SATISFIABLE	[[A, B]]	DISJUNCTIVE  Normal Forms (DNFs) with 2 literals: | ( A⋀B) |  | CONJUCTIVE Normal Forms (CNFs) with 2 literals: | ( A) ⋀ ( B) |  |  | MINIMAL NORMAL FORMS : |  | ( A⋀B) | -------------------------------------------------------------------------------------- |
B|K5|n07|D	(B⋀C)⋀¬(A⋀B⋀C)	true	SATISFIABLE	[[B, C, ¬A]]	DISJUNCTIVE  Normal Forms (DNFs) with 3 literals: | ( B⋀C⋀¬A) |  | CONJUCTIVE Normal Forms (CNFs) with 3 literals: | ( B) ⋀ ( C) ⋀ ( ¬A) |  |  | MINIMAL NORMAL FORMS : |  | ( B⋀C⋀¬A) | -------------------------------------------------------------------------------------- |
B|K5|n07|O	(B⋀C)⋀(A⋀B⋀C)	true	SATISFIABLE	[[B, C, A]]	DISJUNCTIVE  Normal Forms (DNFs) with 3 literals: | ( B⋀C⋀A) |  | CONJUCTIVE Normal Forms (CNFs) with 3 literals: | ( B) ⋀ ( C) ⋀ ( A) |  |  | MINIMAL NORMAL FORMS : |  | ( B⋀C⋀A) | -------------------------------------------------------------------------------------- |
